encoder,target,method,layer,layer_index,pooling,alpha,train_cv_rmse_fold_mean,mae,rmse,r2,pearson,spearman,mae_lower_95,mae_upper_95,rmse_lower_95,rmse_upper_95,r2_lower_95,r2_upper_95,pearson_lower_95,pearson_upper_95,spearman_lower_95,spearman_upper_95,ccc_lower_95,ccc_upper_95,weights_train_only
wavlm,confidence_score,current_mean_std,layer_7,7,mean+std,10000.0,0.9919785054769332,0.6494371883471666,0.9566198415666526,0.13448130092340593,0.3694725335573675,0.3391240861073102,0.5691785580120574,0.7333616227193062,0.7830745303413675,1.1270493624832572,0.009482200403333023,0.21184307670383726,0.22715656973471296,0.46937856930842864,0.1811673896392217,0.4856995120769754,0.15364965251200904,0.33832681097890915,False
wavlm,confidence_score,best_individual,layer_7,7,mean+std,10000.0,0.9919785054769332,0.6494371883471666,0.9566198415666526,0.13448130092340593,0.3694725335573675,0.3391240861073102,0.5691785580120574,0.7333616227193062,0.7830745303413675,1.1270493624832572,0.009482200403333023,0.21184307670383726,0.22715656973471296,0.46937856930842864,0.1811673896392217,0.4856995120769754,0.15364965251200904,0.33832681097890915,False
wavlm,confidence_score,weighted_layers,weighted_all_layers,all,mean+std,per-layer CV-selected,,0.6425687527390815,0.9543419637109402,0.1385982938945457,0.3739889969077617,0.35534741097213357,0.5614759706855419,0.7280841348016386,0.7754501112851889,1.130804412535524,0.01542428916174627,0.2125506741158899,0.23701251800935505,0.4723017126117626,0.2000123341912445,0.49846187738138165,0.1564126198372575,0.3409710240199331,True
wavlm,speaking_skills,current_mean_std,layer_7,7,mean+std,10000.0,1.17566114494183,0.7012886997435507,1.075319158212942,0.15146899765592114,0.3894027552560119,0.42157189105481996,0.6100406077822307,0.8043108216634768,0.8189892271069973,1.376496369159776,0.0662150219052895,0.21338469552212666,0.29315268510916065,0.4727859050898191,0.27436627072296915,0.5413798915005782,0.18146606082780495,0.3644182743320993,False
wavlm,speaking_skills,best_individual,layer_7,7,mean+std,10000.0,1.17566114494183,0.7012886997435507,1.075319158212942,0.15146899765592114,0.3894027552560119,0.42157189105481996,0.6100406077822307,0.8043108216634768,0.8189892271069973,1.376496369159776,0.0662150219052895,0.21338469552212666,0.29315268510916065,0.4727859050898191,0.27436627072296915,0.5413798915005782,0.18146606082780495,0.3644182743320993,False
wavlm,speaking_skills,weighted_layers,weighted_all_layers,all,mean+std,per-layer CV-selected,,0.6995388723283469,1.074016855245339,0.15352303953290836,0.3920169592702347,0.4250109283609643,0.6085876392149902,0.8029990201432162,0.8174896661736448,1.3755804872023831,0.07050575019672287,0.21503925153832287,0.29808757859589724,0.47571700883214757,0.27884059373001724,0.5449301108565366,0.18211129381716767,0.3673937769677089,True
wavlm,overall_performance,current_mean_std,layer_7,7,mean+std,10000.0,1.097727106258802,0.6776495210144522,1.0659421357929224,0.11583797803981422,0.3479215956317265,0.4129493450840775,0.601328221412434,0.7576174076401883,0.8067515640004462,1.3290907993885563,0.022637459548993506,0.20728418622477238,0.23016076314318645,0.46922069405127326,0.26084056440395836,0.5398891946423245,0.14312904363785414,0.3755751374326497,False
wavlm,overall_performance,best_individual,layer_7,7,mean+std,10000.0,1.097727106258802,0.6776495210144522,1.0659421357929224,0.11583797803981422,0.3479215956317265,0.4129493450840775,0.601328221412434,0.7576174076401883,0.8067515640004462,1.3290907993885563,0.022637459548993506,0.20728418622477238,0.23016076314318645,0.46922069405127326,0.26084056440395836,0.5398891946423245,0.14312904363785414,0.3755751374326497,False
wavlm,overall_performance,weighted_layers,weighted_all_layers,all,mean+std,per-layer CV-selected,,0.6720620560868076,1.0618610293811677,0.12259528995276259,0.355679668386012,0.43185055732347993,0.5952737149696552,0.7513371261231248,0.802798624776997,1.3269986195357246,0.03203082010670056,0.21419535099719295,0.2389877805948197,0.4732102864523448,0.2828553677592135,0.5550481737153649,0.14688036879172675,0.3838184072724648,True
hubert,confidence_score,current_mean_std,layer_6,6,mean+std,10000.0,0.9963455681714912,0.6403633970459509,0.9567593055221256,0.13422891757316102,0.3666131790709356,0.34473123625883095,0.5594001672258733,0.7296748039821139,0.7778400933258269,1.1400381259566588,0.01693977209183261,0.21080321639984942,0.21711281128056753,0.467653659138444,0.18197320886647259,0.4877081680749379,0.14121941885490003,0.3301446981373916,False
hubert,confidence_score,best_individual,layer_6,6,mean+std,10000.0,0.9963455681714912,0.6403633970459509,0.9567593055221256,0.13422891757316102,0.3666131790709356,0.34473123625883095,0.5594001672258733,0.7296748039821139,0.7778400933258269,1.1400381259566588,0.01693977209183261,0.21080321639984942,0.21711281128056753,0.467653659138444,0.18197320886647259,0.4877081680749379,0.14121941885490003,0.3301446981373916,False
hubert,confidence_score,weighted_layers,weighted_all_layers,all,mean+std,per-layer CV-selected,,0.6380925964982971,0.9558274629848155,0.13591454412849313,0.36877356280494294,0.34442995544570537,0.5580418322285802,0.7278820671546972,0.776854277856328,1.1369332299663841,0.020719805990051153,0.2080349733774596,0.22224264372446464,0.46728657838598375,0.18126376738411049,0.48492443729503426,0.14390246632967268,0.32863134473033145,True
hubert,speaking_skills,current_mean_std,layer_9,9,mean+std,10000.0,1.1918797097128755,0.695215145948723,1.0757290286778707,0.15082201936027373,0.39028350036198306,0.4409610673105731,0.6035072637549812,0.8040411707065986,0.8048873850236635,1.3902985411409607,0.0716028476476782,0.2287789273478498,0.2994766351664655,0.48651553743718695,0.30761097138485,0.5555183143627815,0.17069957642954237,0.36687609053291814,False
hubert,speaking_skills,best_individual,layer_9,9,mean+std,10000.0,1.1918797097128755,0.695215145948723,1.0757290286778707,0.15082201936027373,0.39028350036198306,0.4409610673105731,0.6035072637549812,0.8040411707065986,0.8048873850236635,1.3902985411409607,0.0716028476476782,0.2287789273478498,0.2994766351664655,0.48651553743718695,0.30761097138485,0.5555183143627815,0.17069957642954237,0.36687609053291814,False
hubert,speaking_skills,weighted_layers,weighted_all_layers,all,mean+std,per-layer CV-selected,,0.6919923661182198,1.074490185491909,0.15277677296430414,0.39311663828024695,0.44016886512342196,0.6007852590681696,0.8006170218750572,0.8008206514186302,1.3892182711537726,0.07222098375128423,0.23002103175764682,0.2996592270090842,0.491605123813308,0.30254217993392274,0.556696856761826,0.16637635373014453,0.3645481101163665,True
hubert,overall_performance,current_mean_std,layer_6,6,mean+std,10000.0,1.109594872543989,0.6673663231145837,1.06479720594983,0.11773631715757393,0.3452023261209672,0.41889659136820634,0.5881579445759222,0.7494856666082677,0.7956207549581055,1.3379977484665635,0.024057650950545677,0.21653015446471174,0.21904184973944704,0.47284789580199843,0.2624018777040342,0.544586258945581,0.12605388256412642,0.36337515206987925,False
hubert,overall_performance,best_individual,layer_6,6,std,1000.0,1.1052080483569047,0.6870025602337381,1.0714051922722285,0.10675192244540688,0.3437995006307644,0.4310587248060382,0.6075480154093116,0.7669098923156528,0.8090900590234963,1.3395368587170273,0.00904645444311832,0.202504291350164,0.2253203286103846,0.4615022576049893,0.2878107540504063,0.5633366074001152,0.14915400706507043,0.39352876532762493,False
hubert,overall_performance,weighted_layers,weighted_all_layers,all,mean+std,per-layer CV-selected,,0.6693814401550163,1.0621178245808705,0.12217086424011514,0.35056340233365796,0.425693708314146,0.5905934125576624,0.7508157041112602,0.7975898131966495,1.3338012607189385,0.03477170376324772,0.21453293910686055,0.23000204838655672,0.4746780444956478,0.27221033832077324,0.5458486253170769,0.13036685092628145,0.35970261087534555,True
