encoder,target,layer,layer_index,pooling,alpha,n_train,n_validation,train_participants,validation_participants,cv_rmse_fold_mean,cv_rmse_fold_std,cv_mae,cv_rmse,cv_r2,cv_pearson,cv_spearman,val_mae,val_rmse,val_r2,val_pearson,val_spearman,cv_cache_reused,status,cv_note
wavlm,confidence_score,layer_0,0,mean,10000.0,1394,319,231,49,1.0433197467650113,0.08324952445765608,0.7127774635382943,1.0465845753374876,0.13234129540048567,0.3641116618224367,0.399177094789116,0.6402374371121002,0.9705389549167152,0.10911093336078581,0.3341627522054255,0.3115644699353577,False,complete,
wavlm,confidence_score,layer_1,1,mean,10000.0,1394,319,231,49,1.0172924356466977,0.07575853148716899,0.6885356048681534,1.0200684141390308,0.17575016530769072,0.4212612021522148,0.46100258547452605,0.6442707279625142,0.964828561883681,0.11956360082990714,0.34799282302113244,0.34315163759075024,False,complete,
wavlm,confidence_score,layer_2,2,mean,10000.0,1394,319,231,49,1.0011612389389557,0.08182807676695092,0.6708177773839077,1.004445025980172,0.20080526618457706,0.4519936382322104,0.5031365758311755,0.6440041184220362,0.9651629135615822,0.11895328226057611,0.34721007565281725,0.3502356182311506,False,complete,
wavlm,confidence_score,layer_3,3,mean,10000.0,1394,319,231,49,0.9963355657361943,0.09071189046401959,0.6675777603475291,1.0004035285309762,0.2072236273182494,0.45880784948349135,0.5118476400915487,0.6451904031910335,0.9602175920028103,0.12795880220218214,0.36124703204818054,0.3555267007811715,False,complete,
wavlm,confidence_score,layer_4,4,mean,10000.0,1394,319,231,49,0.9949968810490333,0.09734272576111501,0.6662626257093898,0.9996953817631404,0.2083455812350259,0.4599054443708349,0.5231501027509649,0.6439896066346664,0.9635760313025878,0.12184806410877591,0.3535281754749875,0.35689743606346575,False,complete,
wavlm,confidence_score,layer_5,5,mean,10000.0,1394,319,231,49,0.9986845986634979,0.09768949127208311,0.6661086311050709,1.0033988487560017,0.20246919778459438,0.45188935823952725,0.5215951839734777,0.648090456723623,0.9678680555355587,0.11400759601662902,0.34523168213905714,0.34440370889634103,False,complete,
wavlm,confidence_score,layer_6,6,mean,10000.0,1394,319,231,49,0.9964061957378452,0.09487715619708784,0.6642309978634585,1.0008629041461312,0.20649538968623915,0.45627270676691206,0.5210896845329615,0.6544433049288336,0.9615042815944275,0.12562016955911448,0.3582512318536131,0.33886568698047,False,complete,
wavlm,confidence_score,layer_7,7,mean,10000.0,1394,319,231,49,0.9921126821575672,0.09441163124814651,0.6634389007230076,0.9965425772054539,0.21333109164906838,0.4644643067498244,0.526518956108859,0.6471582657536592,0.9546177670395967,0.13810033446984127,0.3734549007314973,0.3425841945868879,False,complete,
wavlm,confidence_score,layer_8,8,mean,10000.0,1394,319,231,49,0.9975110649601948,0.09790236693960373,0.6674704643299024,1.0022445843373629,0.20430302875400141,0.45335807340102646,0.518352037669448,0.6439047313816109,0.9535204889538403,0.14008060366000774,0.3762557115988396,0.3485602751083466,False,complete,
wavlm,confidence_score,layer_9,9,mean,10000.0,1394,319,231,49,0.9986293877178923,0.09580671311237311,0.6710524310238365,1.003159084278211,0.20285029590997983,0.45178566005985404,0.5157238888838646,0.64216261583174,0.9482185869457439,0.14961691261880627,0.3877574106003084,0.36793799160310964,False,complete,
wavlm,confidence_score,layer_10,10,mean,10000.0,1394,319,231,49,0.9974471853919245,0.09695723822470959,0.6703850075462922,1.0020935708601042,0.20454279440742862,0.45371252213228147,0.5173241298894973,0.6458287942961374,0.9552118005907214,0.13702732569512477,0.3727612653764521,0.3649639987913359,False,complete,
wavlm,confidence_score,layer_11,11,mean,10000.0,1394,319,231,49,0.9987642860998445,0.09763044654396003,0.6701057235215391,1.0034736669876887,0.20235025790531003,0.45138237759894845,0.5141952969563304,0.6460489584191628,0.9605120528796963,0.1274238788881682,0.35989707514343394,0.35710038473390254,False,complete,
wavlm,confidence_score,layer_12,12,mean,10000.0,1394,319,231,49,1.0089915746145663,0.1002512309494337,0.6784833836656524,1.0139118765055493,0.18566952291247285,0.4320065339395497,0.5002167679202727,0.6391840958977506,0.9577775078032652,0.1323851954229638,0.3645127873942117,0.3566608474494775,False,complete,
wavlm,confidence_score,layer_0,0,std,1000.0,1394,319,231,49,1.019485729657889,0.0834973504828111,0.6963540939771288,1.0228586357247502,0.17123481112815375,0.4162401627726878,0.4652993728028909,0.6842416951284923,1.0015487036451538,0.051271750528334326,0.282998917778284,0.278433561573692,False,complete,
wavlm,confidence_score,layer_1,1,std,1000.0,1394,319,231,49,1.0238668520080583,0.0964122597149201,0.6980251734229254,1.0283577934490502,0.16229953596998392,0.4058099152842936,0.4512714144745466,0.6699890587837493,0.9833744979059305,0.0853907929923764,0.3129741282430137,0.2946646495024118,False,complete,
wavlm,confidence_score,layer_2,2,std,1000.0,1394,319,231,49,1.0165341597009627,0.08792827579446312,0.6871499775763664,1.0202821955313743,0.17540464389082433,0.42092401707006916,0.4746243669776656,0.6657062721916654,0.9782371892187962,0.09492196678300235,0.33124805874615837,0.3254533305855941,False,complete,
wavlm,confidence_score,layer_3,3,std,1000.0,1394,319,231,49,1.0011857779365616,0.08974548468108537,0.6807452611088866,1.005152555022234,0.19967896733904278,0.4470035458765028,0.5012427968719104,0.6673710308955547,0.9700970989334243,0.10992193647510062,0.35030701560874844,0.3267360844770615,False,complete,
wavlm,confidence_score,layer_4,4,std,1000.0,1394,319,231,49,1.0109502246774975,0.10167151720555152,0.6890876940563908,1.0159875066170636,0.18233199625952834,0.42831237703979935,0.48969932592178367,0.6582436905201464,0.9756903176026306,0.09962863067837924,0.3281418996090194,0.3308593804152249,False,complete,
wavlm,confidence_score,layer_5,5,std,1000.0,1394,319,231,49,1.006101401319503,0.0969097444974709,0.6835856838191687,1.0107038448432237,0.1908144771877074,0.4380583883816866,0.5127794767971378,0.6422033039321763,0.9434302748059582,0.15818375275821406,0.39905391010250185,0.3792606051309927,False,complete,
wavlm,confidence_score,layer_6,6,std,1000.0,1394,319,231,49,1.0136319920217747,0.1000469294336101,0.6853867908735435,1.0185077227726629,0.17827041884287265,0.42481400096305194,0.4966076853787364,0.6682623398303653,0.9700403828568958,0.1100260090672821,0.34063570765738144,0.31964323176363657,False,complete,
wavlm,confidence_score,layer_7,7,std,1000.0,1394,319,231,49,1.0079640522309514,0.10667154333184112,0.6827265849484334,1.0135393099823264,0.1862678718226638,0.4343515626559451,0.5072469710110256,0.6661658987014527,0.9755986286584098,0.09979784465913777,0.3317788427977486,0.3247380196979891,False,complete,
wavlm,confidence_score,layer_8,8,std,1000.0,1394,319,231,49,1.0119320333968282,0.10097781584973371,0.6887523488252586,1.016904997793128,0.1808545333766982,0.42971143045938287,0.4927824024973594,0.6890875609780975,1.0063616623486944,0.04213158326720767,0.2788747423410299,0.29710114255678105,False,complete,
wavlm,confidence_score,layer_9,9,std,1000.0,1394,319,231,49,1.0261302455720989,0.09925006397411167,0.6905439713565305,1.0308704392129002,0.15820093141890768,0.40481443054114374,0.4705685923699037,0.6779218297858584,0.9900371721830529,0.07295527270534896,0.313287018964196,0.32248525248917004,False,complete,
wavlm,confidence_score,layer_10,10,std,1000.0,1394,319,231,49,1.0208021191524537,0.10431456964535948,0.692666766106601,1.0260640184665153,0.16603238733598924,0.4134144503840328,0.4699110723152469,0.6717351502349234,0.9593759524028498,0.12948683659031313,0.36949635185428625,0.3298150634862926,False,complete,
wavlm,confidence_score,layer_11,11,std,10000.0,1394,319,231,49,1.0205024232518372,0.09613965814188354,0.6835278468844048,1.0249585801719132,0.1678283827337015,0.41501234577493895,0.49183327149222195,0.6403177018078697,0.9583168505645899,0.13140777944876447,0.3629831137970943,0.3651765588742159,False,complete,
wavlm,confidence_score,layer_12,12,std,1000.0,1394,319,231,49,1.0258267428608836,0.09479165830193258,0.6978291423042892,1.030144310520752,0.15938641342427573,0.4059686746608214,0.46175074555558177,0.6747379915943876,0.9912392593928752,0.07070270042360771,0.3075146609479739,0.32940029407239446,False,complete,
wavlm,confidence_score,layer_0,0,mean+std,10000.0,1394,319,231,49,1.0273875455502124,0.0803216177429335,0.6975885021140547,1.0304748709285276,0.1588468421230586,0.3986217997800847,0.448360275308903,0.6403477598493789,0.9632163374807202,0.12250355337143648,0.354151922902456,0.327236247593821,True,complete,
wavlm,confidence_score,layer_1,1,mean+std,10000.0,1394,319,231,49,1.0150191425931812,0.0818881530768156,0.6863613460486456,1.0182701584223683,0.1786537068301026,0.4230616320830211,0.4711299571822451,0.6467972591278329,0.9648047669110892,0.11960702761571507,0.34788729674128854,0.34184115847108115,True,complete,
wavlm,confidence_score,layer_2,2,mean+std,10000.0,1394,319,231,49,1.002643220083981,0.0843555906669581,0.6715534564115546,1.0061273596760971,0.1981258996693023,0.4460776788448704,0.5049759468531827,0.6426335805754864,0.9633051737791932,0.12234168499776121,0.3530523082559181,0.3537145798659055,True,complete,
wavlm,confidence_score,layer_3,3,mean+std,10000.0,1394,319,231,49,0.996540849479532,0.0926756295858347,0.6693262418239566,1.000784623649766,0.2066195095939093,0.4557496896267944,0.5149001415504535,0.6458065079486903,0.9608652835593133,0.1267819768322649,0.36106956448004135,0.3541762973328918,True,complete,
wavlm,confidence_score,layer_4,4,mean+std,10000.0,1394,319,231,49,0.9948575586147528,0.0987925570132783,0.6683398986194884,0.9996931951759168,0.2083490443290364,0.4573793851061429,0.5238471906036665,0.6420170234901115,0.9643324245961836,0.12046884976911965,0.3528206708724393,0.3570290384799967,True,complete,
wavlm,confidence_score,layer_5,5,mean+std,10000.0,1394,319,231,49,0.9955284496073606,0.0986457353372403,0.6659868963310172,1.0003504021538212,0.2073078257782791,0.4559111739215002,0.528980904195042,0.6428181019582925,0.9597999309153765,0.12871725209315177,0.36370933527448934,0.3589527996474884,True,complete,
wavlm,confidence_score,layer_6,6,mean+std,10000.0,1394,319,231,49,0.995958488551104,0.0959390209646153,0.6652982844889854,1.000516476914119,0.2070446038307218,0.4553846308096755,0.5247585213377879,0.6540226475554966,0.9591734592396318,0.12985427202766398,0.3634803709562638,0.3384668133640742,True,complete,
wavlm,confidence_score,layer_7,7,mean+std,10000.0,1394,319,231,49,0.9919785054769332,0.0982325566767351,0.6636267675375844,0.996775800987224,0.2129628356989409,0.4622555689141087,0.5314091629502653,0.6494371883471666,0.9566198415666526,0.13448130092340593,0.3694725335573675,0.3391240861073102,True,complete,
wavlm,confidence_score,layer_8,8,mean+std,10000.0,1394,319,231,49,0.9957668298643396,0.0986074165995068,0.6670393519098342,1.0005788349429925,0.2069457575297414,0.4553877295901316,0.5237662476115176,0.6468981575113031,0.9583295161512441,0.13138481981338102,0.3664168945128549,0.34591307031964397,True,complete,
wavlm,confidence_score,layer_9,9,mean+std,10000.0,1394,319,231,49,0.9989622581468028,0.0963976333717975,0.6703908923954118,1.0035500624537113,0.2022288015176321,0.4501462360512278,0.5149057896631389,0.6460635608329586,0.9508463521261296,0.1448971076239961,0.38304002599980214,0.36222992162093454,True,complete,
wavlm,confidence_score,layer_10,10,mean+std,10000.0,1394,319,231,49,0.9956727428408338,0.0980662266382069,0.6693527555853215,1.0004370548399242,0.2071704901386915,0.4559985438553795,0.5195169531585264,0.6492020514448902,0.9529024599597228,0.14119496437500512,0.378599330117045,0.36046474875875684,True,complete,
wavlm,confidence_score,layer_11,11,mean+std,10000.0,1394,319,231,49,0.9968409230524766,0.0975711696891683,0.6686761213874634,1.0015544826287923,0.2053984156500998,0.4540261512483866,0.5174881422221004,0.6449755946298267,0.9545490870025625,0.13822434886300938,0.3744954924609393,0.36274819855345247,True,complete,
wavlm,confidence_score,layer_12,12,mean+std,10000.0,1394,319,231,49,1.002073213121537,0.09553945259506,0.6738766399796824,1.006572860274343,0.1974156228287854,0.4453792650774093,0.5062937157761547,0.6409672952610556,0.953778609150062,0.1396149763163298,0.3751567469809491,0.3685845439247743,True,complete,
wavlm,confidence_score,weighted_all_layers,all,mean+std,per-layer CV-selected,1394,319,231,49,,,,,,,,0.6425687527390815,0.9543419637109402,0.1385982938945457,0.3739889969077617,0.35534741097213357,False,complete,No weighted CV estimate; weights are fitted on full-train OOF predictions.
wavlm,speaking_skills,layer_0,0,mean,10000.0,1394,319,231,49,1.2348520638160676,0.07136027822571189,0.7934181621236923,1.2368836801550356,0.1119363796595797,0.3346402449912563,0.3635168471556333,0.702873631285663,1.1020490795650144,0.10875969189221812,0.33013794821664366,0.41813248407896625,False,complete,
wavlm,speaking_skills,layer_1,1,mean,10000.0,1394,319,231,49,1.2229934099686677,0.0715798902360084,0.7780237725001552,1.2250515034421905,0.12884575727965386,0.3592857290201524,0.4104847359926336,0.6866796785088026,1.0741222145844858,0.15335695530967042,0.3950917139097054,0.47225545655615536,False,complete,
wavlm,speaking_skills,layer_2,2,mean,10000.0,1394,319,231,49,1.205991304077726,0.07477448404856349,0.7645809191394264,1.208265634723782,0.15255561227494618,0.3924886631615804,0.44661132281867943,0.7014668964538416,1.0885983873709544,0.13038239951243413,0.3613423742482446,0.4416789658861437,False,complete,
wavlm,speaking_skills,layer_3,3,mean,10000.0,1394,319,231,49,1.1964794385435602,0.07196349505815033,0.7595683922770663,1.198607410634688,0.16604949159240423,0.4095733031043363,0.47024257001601816,0.6943221068309825,1.0796484380904752,0.1446228012409766,0.38029941685118523,0.45164304323214116,False,complete,
wavlm,speaking_skills,layer_4,4,mean,10000.0,1394,319,231,49,1.1958631764768384,0.07380710422781964,0.7586323074998508,1.1981043649492111,0.16674934905681038,0.4099196047481751,0.47812671071019947,0.6879311609690476,1.0779582297104566,0.14729892056424643,0.3839477563005014,0.45233321657951,False,complete,
wavlm,speaking_skills,layer_5,5,mean,10000.0,1394,319,231,49,1.1954133489448264,0.08079967057338011,0.7572257827649791,1.1981031235637587,0.16675107575897552,0.4096706598867857,0.48735668812498056,0.6896576404816208,1.0807087660663437,0.14294183599957866,0.37886479761309416,0.44787463021496016,False,complete,
wavlm,speaking_skills,layer_6,6,mean,1000.0,1394,319,231,49,1.1863276523545117,0.07091018121855583,0.7705839319967539,1.188423056545636,0.18016114214492862,0.42858835018931357,0.4760815756206393,0.7311266604670541,1.0828792596781376,0.139495750654424,0.3824395572020541,0.40717917059073044,False,complete,
wavlm,speaking_skills,layer_7,7,mean,10000.0,1394,319,231,49,1.1780601326982516,0.07957981901180307,0.7380112361068991,1.1807077808757487,0.1907714223851984,0.44023258068804183,0.5053015173580534,0.7005990416673873,1.0780172981470126,0.1472054677787612,0.38424864928544383,0.41089804786685774,False,complete,
wavlm,speaking_skills,layer_8,8,mean,10000.0,1394,319,231,49,1.1850088417776408,0.0784558753010725,0.7448261805039618,1.1875622713814338,0.18134834488020013,0.42796069411813853,0.49739038090018145,0.6857446705356165,1.0704817736679542,0.15908615611103571,0.3997691112104272,0.43612061213625797,False,complete,
wavlm,speaking_skills,layer_9,9,mean,10000.0,1394,319,231,49,1.1868431970764934,0.07707403231484916,0.750022122821182,1.189303771557399,0.17894556166419096,0.4249709939069123,0.48801605987461977,0.6862847081081825,1.0633504370314861,0.1702528382040015,0.41483910290505926,0.4445313373635391,False,complete,
wavlm,speaking_skills,layer_10,10,mean,10000.0,1394,319,231,49,1.1860720384445143,0.0750896397034719,0.7518796521830581,1.1884018658217574,0.1801903789118824,0.4262009990496884,0.4862143252176135,0.6909777529706236,1.0679287655209138,0.1630923893937748,0.40565425202754035,0.4451534914843862,False,complete,
wavlm,speaking_skills,layer_11,11,mean,10000.0,1394,319,231,49,1.1852843293577708,0.07955494374950281,0.749558390771966,1.1879136144530664,0.1808638732163793,0.42736684380584417,0.49118160332529653,0.6955356525026921,1.0849466623664867,0.13620691304976895,0.3726660174580265,0.43203871920554243,False,complete,
wavlm,speaking_skills,layer_12,12,mean,10000.0,1394,319,231,49,1.196634992741052,0.08252672771938174,0.7567897858981419,1.1994433093094528,0.16488590592827512,0.40802287381261954,0.4766412703635828,0.689895336533902,1.087053860252203,0.13284831373509398,0.3675434064531596,0.43507001082226654,False,complete,
wavlm,speaking_skills,layer_0,0,std,10000.0,1394,319,231,49,1.2195506771184956,0.07980592722867873,0.77542557728267,1.2221237895608983,0.13300467254443304,0.3666063796592771,0.41532105762407384,0.700172546498257,1.0839692390732,0.1377625861606132,0.37245900006940696,0.4308931127762464,False,complete,
wavlm,speaking_skills,layer_1,1,std,10000.0,1394,319,231,49,1.2265778526480111,0.08965159077275943,0.7759558031470004,1.229802061083288,0.1220762580405863,0.3515970009321827,0.4174677347049891,0.7064228214993179,1.096142303456708,0.11828785007265241,0.3478792046959067,0.41793064441765754,False,complete,
wavlm,speaking_skills,layer_2,2,std,10000.0,1394,319,231,49,1.2175200150864394,0.08877227831164751,0.7671091347294482,1.2207012584636858,0.13502183322615313,0.3715938842603776,0.443520866042528,0.6987162683807238,1.089284158376418,0.12928640969007066,0.3632101462087535,0.4321873264287039,False,complete,
wavlm,speaking_skills,layer_3,3,std,1000.0,1394,319,231,49,1.208551631972751,0.07392185683795603,0.7726491147454561,1.210770917379228,0.1490376958055477,0.3878722175133243,0.43784764029753864,0.7184396666222188,1.0924563088074803,0.12420774185441774,0.36733318557813904,0.42425828083271433,False,complete,
wavlm,speaking_skills,layer_4,4,std,1000.0,1394,319,231,49,1.212552349968557,0.077774127805942,0.7750103731564866,1.2150060794255564,0.14307411283060578,0.38045025198381066,0.44630359149011045,0.7085503161515868,1.0982296853205722,0.1149265668762176,0.3532959738134658,0.41123370796295355,False,complete,
wavlm,speaking_skills,layer_5,5,std,1000.0,1394,319,231,49,1.1949569010349026,0.07056608399396913,0.7658593950899375,1.197008741477438,0.16827260792696963,0.41125883549176734,0.4828942006750454,0.7066731669443073,1.077429336162249,0.148135460329468,0.3886453865472001,0.43741704380697155,False,complete,
wavlm,speaking_skills,layer_6,6,std,1000.0,1394,319,231,49,1.1970684686688222,0.08121351532368276,0.7676843174143996,1.1997769695325697,0.1644212185031504,0.4075529978603318,0.4713818187090967,0.7079151074279934,1.0775831130762863,0.14789227695953133,0.38804027817244935,0.4292251630476295,False,complete,
wavlm,speaking_skills,layer_7,7,std,1000.0,1394,319,231,49,1.1930537945503645,0.07920636451857038,0.7723245092554751,1.1956381621233485,0.17017617927077877,0.41468233879279764,0.4768714032686911,0.7236694934665582,1.083613618432847,0.13832824635065244,0.37860394493440974,0.43542526341295823,False,complete,
wavlm,speaking_skills,layer_8,8,std,1000.0,1394,319,231,49,1.1966959691403316,0.0807663026383386,0.782399442350412,1.1993794463929068,0.16497483285205883,0.4099088721040668,0.46305619051816843,0.7283890737400169,1.10470815956444,0.10445364345114583,0.3394427434168771,0.3808963935948956,False,complete,
wavlm,speaking_skills,layer_9,9,std,1000.0,1394,319,231,49,1.208803448411572,0.08121245243024418,0.7793840419129,1.2114971427372554,0.1480165683044713,0.38887523474292385,0.4592158061339326,0.7245695246411221,1.0984256946001048,0.11461060731029216,0.35230936384776235,0.40129033212067994,False,complete,
wavlm,speaking_skills,layer_10,10,std,1000.0,1394,319,231,49,1.199440747986112,0.07041657847365937,0.7767368035967345,1.201488602872028,0.16203540060507038,0.40518942882432674,0.4602044827876534,0.7197469662041056,1.092419375900115,0.12426695705107882,0.3593069785373044,0.42262508005677685,False,complete,
wavlm,speaking_skills,layer_11,11,std,1000.0,1394,319,231,49,1.2045688890946604,0.0759479015467397,0.7782862611543014,1.2069232238464975,0.15443762657895532,0.3973164129036661,0.4674051974169936,0.7143270262600232,1.092056163598533,0.1248491952341586,0.36799308730178876,0.44746503617699296,False,complete,
wavlm,speaking_skills,layer_12,12,std,1000.0,1394,319,231,49,1.2073252240990051,0.06056145993535768,0.7887523609296893,1.2087935589268775,0.15181490737056624,0.39583857000214057,0.44394262279896013,0.7129453288517338,1.1034920617117197,0.10642424998509825,0.3448128556739591,0.4265084603535678,False,complete,
wavlm,speaking_skills,layer_0,0,mean+std,10000.0,1394,319,231,49,1.218652278804165,0.0729174824807648,0.7783319719013474,1.2208017128638478,0.1348794651610405,0.3672699128944195,0.4060515921493094,0.7001788369291191,1.0857767228730355,0.13488468251050978,0.36754532590077205,0.44175142114917754,True,complete,
wavlm,speaking_skills,layer_1,1,mean+std,10000.0,1394,319,231,49,1.2190921700101642,0.0745176774550154,0.7761809644450822,1.2213307691905333,0.1341294716720266,0.3662375645077222,0.4162991379754073,0.6885755994096053,1.0754005316532111,0.15134056973967913,0.3900995475026536,0.4640491586781484,True,complete,
wavlm,speaking_skills,layer_2,2,mean+std,10000.0,1394,319,231,49,1.205029120569911,0.0758167661635973,0.7644809842069255,1.2073689606140343,0.1538129508265676,0.392622187375296,0.447457901817017,0.7005531190228906,1.085354652011707,0.13555713936025837,0.368222167085538,0.448158536551746,True,complete,
wavlm,speaking_skills,layer_3,3,mean+std,10000.0,1394,319,231,49,1.1965521507119008,0.0719619748824585,0.7595988204907003,1.1986809233538844,0.1659471931266908,0.4079759638523441,0.4682888324644405,0.6954745303081777,1.07739887021129,0.14818363517581745,0.3852015752199792,0.45594710765818,True,complete,
wavlm,speaking_skills,layer_4,4,mean+std,10000.0,1394,319,231,49,1.1945896696614606,0.0731282381950464,0.758321081685243,1.1967923098737958,0.1685733506249888,0.4110154504767235,0.4790384622840896,0.6889225683197677,1.076688653722623,0.14930629206038792,0.38696639334425176,0.45292062174767755,True,complete,
wavlm,speaking_skills,layer_5,5,mean+std,10000.0,1394,319,231,49,1.1900675473811215,0.0786551453499106,0.7540293818375302,1.1926298240538795,0.1743467554418568,0.418076714915475,0.4950357115158851,0.68912473529014,1.07462687141806,0.15256120867401968,0.39105238917719626,0.4532939881541277,True,complete,
wavlm,speaking_skills,layer_6,6,mean+std,10000.0,1394,319,231,49,1.1866894423664898,0.0779638707458058,0.7491431057217193,1.1892115997321937,0.1790728212515788,0.4236923718485627,0.4950857205700865,0.6984038089656809,1.071301216001622,0.15779824227365702,0.3978351242931197,0.4305707607896875,True,complete,
wavlm,speaking_skills,layer_7,7,mean+std,10000.0,1394,319,231,49,1.17566114494183,0.0786998333512497,0.7404455184212315,1.1782539585033378,0.1941315082805171,0.4422171141679069,0.5095464217877729,0.7012886997435507,1.075319158212942,0.15146899765592114,0.3894027552560119,0.42157189105481996,True,complete,
wavlm,speaking_skills,layer_8,8,mean+std,10000.0,1394,319,231,49,1.1819406992103096,0.078757496241817,0.7460327518313511,1.184522431342245,0.1855340370400204,0.4319535512443546,0.5008123486667811,0.6876495004281044,1.0708394654780458,0.15852409470065598,0.39877802061186446,0.4341713437588206,True,complete,
wavlm,speaking_skills,layer_9,9,mean+std,10000.0,1394,319,231,49,1.184884812706583,0.0773821710031556,0.7502516467388854,1.187372162684862,0.1816104285548971,0.4273431745606559,0.4906467957173078,0.687500962930518,1.0630419309249022,0.17073423158822343,0.4144646859765681,0.44434428449060465,True,complete,
wavlm,speaking_skills,layer_10,10,mean+std,10000.0,1394,319,231,49,1.1828997842317046,0.0739799841978199,0.7494280404115488,1.185171165707009,0.1846416660161643,0.4310000747992412,0.491966695418477,0.6919859420985642,1.0677350377506545,0.16339600054226744,0.40569981417492834,0.44737520643761935,True,complete,
wavlm,speaking_skills,layer_11,11,mean+std,10000.0,1394,319,231,49,1.183723799964125,0.0787682158610437,0.7505420838617516,1.1863057430308843,0.1830798158778196,0.4290082347609731,0.4948698120491612,0.6947559588415715,1.0807834567788097,0.14282336467963652,0.38120350427687016,0.44270701734786433,True,complete,
wavlm,speaking_skills,layer_12,12,mean+std,10000.0,1394,319,231,49,1.191856666988605,0.0773147731972558,0.7571985891850163,1.1943264734816663,0.1719959161362633,0.4157912089217704,0.4793551109858632,0.688707821095646,1.0814949704891839,0.1416943805519546,0.3795392846931509,0.45296276409454417,True,complete,
wavlm,speaking_skills,weighted_all_layers,all,mean+std,per-layer CV-selected,1394,319,231,49,,,,,,,,0.6995388723283469,1.074016855245339,0.15352303953290836,0.3920169592702347,0.4250109283609643,False,complete,No weighted CV estimate; weights are fitted on full-train OOF predictions.
wavlm,overall_performance,layer_0,0,mean,10000.0,1394,319,231,49,1.159802801376074,0.1125861778964432,0.7657385297113348,1.1652715837658376,0.1276755648917013,0.35783860975090487,0.40465536983366246,0.6923553915512987,1.088871754120414,0.07739020508305716,0.2861863870025429,0.33652013267460235,False,complete,
wavlm,overall_performance,layer_1,1,mean,10000.0,1394,319,231,49,1.1294155348922765,0.11913796175214435,0.7413742590760171,1.1357194372673367,0.1713600962532199,0.4169124256383551,0.47603686028773917,0.6846314522446686,1.0739362658554223,0.10252654224135116,0.3247698154524311,0.4016906844159132,False,complete,
wavlm,overall_performance,layer_2,2,mean,10000.0,1394,319,231,49,1.1155630787276625,0.11875433728075944,0.7248783596093658,1.1219007737610254,0.19140207752892213,0.44134949621138686,0.51407700554218,0.6808092795447203,1.0696576508070355,0.10966345399619248,0.3349026610555797,0.4293708129131159,False,complete,
wavlm,overall_performance,layer_3,3,mean,10000.0,1394,319,231,49,1.1094084327025524,0.12267012479803838,0.7196900353951257,1.116212009085376,0.1995815192549124,0.4496080634704639,0.5278646466430128,0.6733227630145562,1.0632001551274852,0.12038088320886431,0.35089484849781116,0.45320748544213824,False,complete,
wavlm,overall_performance,layer_4,4,mean,10000.0,1394,319,231,49,1.1106515220614,0.12577368411496334,0.720542202360097,1.1177869537621288,0.19732118849030778,0.4462637032177955,0.5385410060439806,0.6749966531870062,1.0638443506757418,0.11931463357980965,0.3505845284535783,0.4494412904432133,False,complete,
wavlm,overall_performance,layer_5,5,mean,10000.0,1394,319,231,49,1.1063070856425552,0.13405024270207158,0.7166732611027996,1.1144354419764626,0.20212738958558119,0.451509646204652,0.5448479057333632,0.6745161153528293,1.0684574765875066,0.11166027886379826,0.3445598335985299,0.4421898494244744,False,complete,
wavlm,overall_performance,layer_6,6,mean,10000.0,1394,319,231,49,1.1061294535496298,0.13124573124406033,0.7162556628743763,1.1139296286781053,0.20285149252692092,0.45260623195516364,0.5414714639699549,0.676535197266748,1.0675547231597966,0.11316078394919638,0.34289289804590384,0.42726887094571436,False,complete,
wavlm,overall_performance,layer_7,7,mean,10000.0,1394,319,231,49,1.098980260096315,0.1291878484958647,0.7109577411879309,1.1065870042448207,0.21332589052386353,0.46535439017098407,0.551249702575647,0.6797191219241139,1.0653683710274862,0.11678955780315603,0.3476192294203375,0.4092995960435999,False,complete,
wavlm,overall_performance,layer_8,8,mean,10000.0,1394,319,231,49,1.1058156579018914,0.13001420541417025,0.7166537504398836,1.1134667105255334,0.20351390032868044,0.45313267679224434,0.5455093329530306,0.6779277139377557,1.0638640462002706,0.1192820240711171,0.3505383779762828,0.4210051873903763,False,complete,
wavlm,overall_performance,layer_9,9,mean,10000.0,1394,319,231,49,1.1067675670528778,0.12792151806791593,0.7187383368092245,1.1141707117859256,0.20250640818608145,0.4521846706723215,0.5395151792303035,0.6642369867522773,1.0559076204322384,0.13240618946849014,0.3657955809147358,0.459492609840619,False,complete,
wavlm,overall_performance,layer_10,10,mean,10000.0,1394,319,231,49,1.1057610315826456,0.1260861590566595,0.7179373082210057,1.1129628442490151,0.20423458946696138,0.4540237796120778,0.5386102984193744,0.671206387616862,1.0569977132176045,0.13061390021216013,0.3645562204068482,0.45962421225714994,False,complete,
wavlm,overall_performance,layer_11,11,mean,10000.0,1394,319,231,49,1.1036220484642505,0.13164832441268132,0.714208360180419,1.1114845339354813,0.20634716122367858,0.4563565626796586,0.5400133117599208,0.6719099873026205,1.0595691770182376,0.12637867011893278,0.3589771121965648,0.44890305134639014,False,complete,
wavlm,overall_performance,layer_12,12,mean,10000.0,1394,319,231,49,1.1120650425176009,0.1346799097736807,0.7216688962015111,1.1202333364948553,0.19380386632908497,0.4425611855653696,0.5340428801104729,0.6732032723897218,1.061246682220583,0.12361025358223499,0.35375077498778856,0.43555649615977976,False,complete,
wavlm,overall_performance,layer_0,0,std,10000.0,1394,319,231,49,1.1371414938302924,0.1248866638664569,0.7452885497274538,1.1440063646137981,0.1592234170741611,0.4026644102328628,0.46943883693602917,0.6779209775823892,1.0731427989739228,0.10385223058758963,0.32492272072335543,0.41344174513694043,False,complete,
wavlm,overall_performance,layer_1,1,std,1000.0,1394,319,231,49,1.1414582710724015,0.12640351156872706,0.7549996875882371,1.1484705415501943,0.1526488055768911,0.3940003284950797,0.4600911307034202,0.7149242727604657,1.1037036283653723,0.05208469096972923,0.2669771392495728,0.30683898204065235,False,complete,
wavlm,overall_performance,layer_2,2,std,1000.0,1394,319,231,49,1.1263418650930719,0.11611362197784945,0.7437216677373059,1.1323505525427136,0.17626879442663168,0.42128258941256785,0.48912370128612076,0.6920149115126427,1.0797714481089888,0.09274728691053036,0.32533651966656796,0.41787408495212597,False,complete,
wavlm,overall_performance,layer_3,3,std,1000.0,1394,319,231,49,1.1294230126874583,0.11764158642636345,0.7368263908146704,1.1355729576269566,0.17157383046202246,0.4159326402566089,0.5026440249658591,0.6763207855197725,1.072073653356693,0.1056369608007629,0.340531590004098,0.44943722407641046,False,complete,
wavlm,overall_performance,layer_4,4,std,1000.0,1394,319,231,49,1.1258841157694193,0.1226960981893179,0.7372831036303445,1.1325800227990535,0.17593490318939975,0.421070916884824,0.5027017686120205,0.6696537370862793,1.0728470891829933,0.10434603841783407,0.33295282779326785,0.41956125750562945,False,complete,
wavlm,overall_performance,layer_5,5,std,1000.0,1394,319,231,49,1.1203787701259038,0.11704932899960221,0.7340928379231579,1.1265128258207444,0.1847402385637762,0.43198243965439087,0.5194612339731471,0.6691925465130918,1.0637634097420783,0.11944863961937724,0.35767603388387387,0.45633895755009796,False,complete,
wavlm,overall_performance,layer_6,6,std,1000.0,1394,319,231,49,1.11067690618547,0.12539637859586955,0.7315682267600092,1.1177718369049443,0.1973428990655981,0.4451049478541632,0.5268061814659605,0.6720332750310751,1.069456395170638,0.10999845537018227,0.3469845974525813,0.43235996218297335,False,complete,
wavlm,overall_performance,layer_7,7,std,1000.0,1394,319,231,49,1.1148533595764223,0.1253764495639137,0.734984884174186,1.1219165536560745,0.19137933098950288,0.4395757694129494,0.5248107984968481,0.6868676953881024,1.0763979569444744,0.09840742534356872,0.33610089651402414,0.4171532290188807,False,complete,
wavlm,overall_performance,layer_8,8,std,1000.0,1394,319,231,49,1.1139717110681293,0.12123479235440363,0.7405692362753113,1.1205939202825053,0.19328478154227202,0.4424855185223305,0.5100525901420268,0.7040658552444514,1.1019630223562313,0.05507217059475722,0.296500635001139,0.3880531991680392,False,complete,
wavlm,overall_performance,layer_9,9,std,10000.0,1394,319,231,49,1.1381539914102836,0.13411549893844993,0.7406814555404162,1.1460500024174245,0.15621682972368,0.3992676188409388,0.4895914004556209,0.6769849987182737,1.0713300540637931,0.10687720596511086,0.3276430949736896,0.42946914505580475,False,complete,
wavlm,overall_performance,layer_10,10,std,10000.0,1394,319,231,49,1.1316126995085483,0.13344127657300242,0.7341715612880568,1.1394731763011403,0.1658734624906899,0.41428227805841245,0.503811496502796,0.6671056472293134,1.063185690497976,0.12040481713705842,0.3470040495667469,0.45144490026792605,False,complete,
wavlm,overall_performance,layer_11,11,std,10000.0,1394,319,231,49,1.126077650745544,0.13058144070795857,0.7319148724685225,1.1336459491760575,0.1743830374412576,0.4250750422052316,0.5155548929224213,0.6633780215667815,1.0531305522617052,0.1369637828721033,0.3701807584205552,0.4830631201789045,False,complete,
wavlm,overall_performance,layer_12,12,std,10000.0,1394,319,231,49,1.1346244692369662,0.12500890797596256,0.7372379823852131,1.1415202669747524,0.16287371400583706,0.4108981500941217,0.49976875906808005,0.6582021243611152,1.051267048623506,0.14001534797480586,0.3757155251727348,0.4918723493528721,False,complete,
wavlm,overall_performance,layer_0,0,mean+std,10000.0,1394,319,231,49,1.1360461241847797,0.1141981787765062,0.7481673073302202,1.1418001963394144,0.1624630949941253,0.4034729930776793,0.4635530295192335,0.6791384434690191,1.0720043598681148,0.1057525713878108,0.33160740156754115,0.3977119293341082,True,complete,
wavlm,overall_performance,layer_1,1,mean+std,10000.0,1394,319,231,49,1.1270610749599044,0.1222876286390921,0.7382011284990406,1.1337111857102926,0.1742880131719941,0.4183612663759052,0.4866581649871729,0.683652997024456,1.0757343282360459,0.09951879548478793,0.3208139379995631,0.391059353244527,True,complete,
wavlm,overall_performance,layer_2,2,mean+std,10000.0,1394,319,231,49,1.114386832139037,0.1176971326373744,0.7236905648482007,1.1206195386660116,0.1932478957878368,0.4411792760217028,0.5183280763819844,0.6763996987036922,1.0673830750874904,0.1134459440460035,0.34131772237795754,0.43913157191896734,True,complete,
wavlm,overall_performance,layer_3,3,mean+std,10000.0,1394,319,231,49,1.1113979028446557,0.121727667759298,0.7207757304942608,1.1180851438269883,0.1968928729304194,0.4445906310848544,0.5278880276145848,0.6721166253193013,1.0631641169629182,0.1204405132250681,0.3517452138661945,0.45839025476731765,True,complete,
wavlm,overall_performance,layer_4,4,mean+std,10000.0,1394,319,231,49,1.1092728049852287,0.1241427982911347,0.7196197401408702,1.1162341491235075,0.1995497663776966,0.4473562806513828,0.5397917152572792,0.6723736541792625,1.064569062702258,0.11811434395426113,0.349827403427221,0.45086673684249234,True,complete,
wavlm,overall_performance,layer_5,5,mean+std,10000.0,1394,319,231,49,1.1030407610690651,0.1314781553983813,0.716047488579388,1.1108882403428073,0.2071984967890181,0.455881352031344,0.5487183602265474,0.6720133268639932,1.0660117584045254,0.1157224751859185,0.3511747109029937,0.4479075308190929,True,complete,
wavlm,overall_performance,layer_6,6,mean+std,10000.0,1394,319,231,49,1.1030918622092982,0.128511692210676,0.7152669268923612,1.1105948192601944,0.2076172499004785,0.4565534626940268,0.5472632718931199,0.6706299023496021,1.063674026272018,0.11959661129943677,0.35147974273439253,0.4342101590783031,True,complete,
wavlm,overall_performance,layer_7,7,mean+std,10000.0,1394,319,231,49,1.097727106258802,0.1279315283968261,0.710667198382929,1.1051947913877698,0.2153040971190385,0.4653548232165863,0.5554804136304297,0.6776495210144522,1.0659421357929224,0.11583797803981422,0.3479215956317265,0.4129493450840775,True,complete,
wavlm,overall_performance,layer_8,8,mean+std,10000.0,1394,319,231,49,1.10234065859662,0.1289239656623083,0.7156266060409249,1.1098922646370402,0.20861944453515,0.4576948423382699,0.5484603677287494,0.6778889561898686,1.0652699510912929,0.11695273422661945,0.34915785120005605,0.42482313614861117,True,complete,
wavlm,overall_performance,layer_9,9,mean+std,10000.0,1394,319,231,49,1.1061208862139682,0.1274664650991801,0.7188539829852081,1.1134800138576422,0.2034948679098355,0.4520239640459006,0.5351927118162617,0.6649918886815283,1.0571077646758518,0.1304328549976278,0.36496377864861856,0.4627150206970804,True,complete,
wavlm,overall_performance,layer_10,10,mean+std,10000.0,1394,319,231,49,1.102890322057415,0.1263938913256377,0.7157605158379631,1.1101473427223063,0.2082556488053273,0.4576631150827063,0.5390464700453584,0.6675484574481648,1.0556586815094378,0.13281522602654172,0.36873225061293785,0.4681103501051399,True,complete,
wavlm,overall_performance,layer_11,11,mean+std,10000.0,1394,319,231,49,1.1025708510300452,0.1305780119688555,0.7143721679307038,1.1103156491835124,0.208015562132019,0.4571226561596032,0.5392346518703632,0.6706143779209113,1.057255882237381,0.13018915763253303,0.36626373023604075,0.46193501761033806,True,complete,
wavlm,overall_performance,layer_12,12,mean+std,10000.0,1394,319,231,49,1.1068540627312486,0.1288455778885901,0.7169386686009966,1.1143712950390836,0.2022192380847522,0.450990403378552,0.5367710647240285,0.6668991434421017,1.0551707989720747,0.1336165959183674,0.36835551980852277,0.45853072925687316,True,complete,
wavlm,overall_performance,weighted_all_layers,all,mean+std,per-layer CV-selected,1394,319,231,49,,,,,,,,0.6720620560868076,1.0618610293811677,0.12259528995276259,0.355679668386012,0.43185055732347993,False,complete,No weighted CV estimate; weights are fitted on full-train OOF predictions.
hubert,confidence_score,layer_0,0,mean,10000.0,1394,319,231,49,1.0510394248828163,0.09182483797427189,0.7171641000071511,1.0549897960420382,0.11834883283170838,0.3440902000992015,0.38660755003445174,0.6477237977243265,0.9767614452734298,0.09765066278482604,0.31556698090642177,0.30687927603897225,False,complete,
hubert,confidence_score,layer_1,1,mean,10000.0,1394,319,231,49,1.021581721293289,0.0764317031390536,0.6890660977510038,1.024393708653519,0.16874537688826996,0.4137600409019761,0.459766694250979,0.6318785475228189,0.9553342898949779,0.13680598902442653,0.3736740305862382,0.3513143144430531,False,complete,
hubert,confidence_score,layer_2,2,mean,10000.0,1394,319,231,49,1.011258318600063,0.07910486283411614,0.679953171299365,1.0143058859513367,0.18503649700591263,0.4328151675213112,0.49000235270472753,0.6298749799440079,0.9516173489233605,0.14350981959341025,0.3811204439895826,0.3696495623574307,False,complete,
hubert,confidence_score,layer_3,3,mean,10000.0,1394,319,231,49,1.012703282746299,0.08275546725795843,0.6792207214159013,1.0160325908583652,0.18225942694295671,0.42863821329954416,0.4901630248985347,0.6459313923283653,0.963869123757111,0.12131376511882697,0.3488388966368473,0.32637343849218264,False,complete,
hubert,confidence_score,layer_4,4,mean,10000.0,1394,319,231,49,1.0046873664830551,0.08942145634424639,0.6771375450781566,1.0086103556819168,0.19416316672090395,0.4430423650112192,0.504228212041788,0.6436513033499928,0.9671017420711336,0.11541001678005214,0.3402505929704937,0.32620228141675056,False,complete,
hubert,confidence_score,layer_5,5,mean,10000.0,1394,319,231,49,1.000318108144255,0.08735656347066156,0.6759682578513955,1.0040738527998478,0.20139581088271818,0.45126977337628404,0.5102561569829978,0.6369923447802415,0.9561179421461699,0.13538926740654966,0.3680454730512915,0.3399040891940526,False,complete,
hubert,confidence_score,layer_6,6,mean,10000.0,1394,319,231,49,1.0005525179388992,0.09125045757924827,0.6733964348092545,1.0046490753872532,0.2004805261113397,0.45074089825901253,0.510236120580114,0.6413340020452398,0.9590981094486362,0.1299909787365502,0.3606909215732146,0.3394553101668937,False,complete,
hubert,confidence_score,layer_7,7,mean,10000.0,1394,319,231,49,1.0018763977497809,0.09580436884017839,0.6730020983097394,1.0063921080155247,0.19770384024380594,0.44783289105258894,0.513692681375703,0.6485824812854741,0.9650806664919029,0.11910343395465939,0.34627671332745125,0.32438683347410036,False,complete,
hubert,confidence_score,layer_8,8,mean,10000.0,1394,319,231,49,1.0010340903069874,0.09368872822181415,0.6739757557771677,1.005354313680045,0.1993576471529347,0.44916232984378474,0.5141696788891458,0.6433686463127561,0.9642495751506185,0.12061997097189991,0.34812744699393205,0.33929746120099846,False,complete,
hubert,confidence_score,layer_9,9,mean,10000.0,1394,319,231,49,1.0028315406918942,0.0973250988089972,0.6750505072732462,1.0074839639722482,0.19596203995525419,0.44441592127256535,0.508098573507234,0.6413443980394175,0.9557117038297266,0.1361238282287417,0.3689742866218107,0.342866252575127,False,complete,
hubert,confidence_score,layer_10,10,mean,10000.0,1394,319,231,49,1.010692328075235,0.09961025419149197,0.6803739362411345,1.0155309142652384,0.18306676329811056,0.42865506717914975,0.4972340765801844,0.6467722589704462,0.9576922182745822,0.13253970972800477,0.3642147260979638,0.33292509475110954,False,complete,
hubert,confidence_score,layer_11,11,mean,10000.0,1394,319,231,49,1.0080678209923826,0.09748707142828378,0.6768795779569238,1.012714648688837,0.1875915114350971,0.43432055367095146,0.5056575079333645,0.6400383927017922,0.9550991707412009,0.13723082140597453,0.370759581182679,0.34573008381351245,False,complete,
hubert,confidence_score,layer_12,12,mean,10000.0,1394,319,231,49,1.0068029505769998,0.09570128373044516,0.6778328760248908,1.0112900289687898,0.18987558839041963,0.4384038432305769,0.5017013261643447,0.6394267629310293,0.9580339142904004,0.13192059515816346,0.3632213243553436,0.3518662313191225,False,complete,
hubert,confidence_score,layer_0,0,std,10000.0,1394,319,231,49,1.0380517950513213,0.0851280790056739,0.6999393123666335,1.0414847799618874,0.14077654502159243,0.3757654789428405,0.43204847271439284,0.6499075512291382,0.9728003285028768,0.10495452096904045,0.3254732044178708,0.31635058366239743,False,complete,
hubert,confidence_score,layer_1,1,std,10000.0,1394,319,231,49,1.0276844332857955,0.08614724388583919,0.6920914587289524,1.0312337095044704,0.15760754070313265,0.399012429540553,0.46676142331815107,0.639450888248265,0.9619395799135982,0.12482828077555608,0.3611858487040951,0.3475658635901773,False,complete,
hubert,confidence_score,layer_2,2,std,10000.0,1394,319,231,49,1.0284958482892272,0.08949279073148855,0.694669917716856,1.0323268492757744,0.15582066977746667,0.3972186659808675,0.4632455861336641,0.6393454109134021,0.9610842552898635,0.1263839359156096,0.36249159471051423,0.35540175241940897,False,complete,
hubert,confidence_score,layer_3,3,std,1000.0,1394,319,231,49,1.0264225059336112,0.09526251545295919,0.6972202768799566,1.0307973542958038,0.15832028809444776,0.40091695724259924,0.4619158609313681,0.6705580223047564,0.9813660677785476,0.0891229475916584,0.3130539842359985,0.3229055669487085,False,complete,
hubert,confidence_score,layer_4,4,std,1000.0,1394,319,231,49,1.01828106796334,0.09165403589850275,0.6902225672323237,1.0223501891464792,0.17205853804103455,0.4164447806347543,0.4778136945201138,0.6467729167243459,0.9659114176810073,0.11758621188590768,0.34539791308717055,0.3630886643557699,False,complete,
hubert,confidence_score,layer_5,5,std,1000.0,1394,319,231,49,1.0032159891210999,0.09356012722172855,0.6836056704471714,1.0075118692435154,0.1959174988828104,0.4432547271462851,0.49172989552545365,0.6676488212748599,0.9865431690100923,0.07948711142303544,0.3058274392232434,0.31323057131542786,False,complete,
hubert,confidence_score,layer_6,6,std,1000.0,1394,319,231,49,1.0026533702225466,0.09181354434631452,0.6816671895788903,1.0067960082244134,0.1970597322272054,0.44482159495564527,0.4963864654169404,0.6588261835577046,0.957442562145575,0.13299191879086336,0.3701105008474722,0.34187775577230745,False,complete,
hubert,confidence_score,layer_7,7,std,1000.0,1394,319,231,49,1.0192519079897457,0.09369761043394796,0.6992765163986218,1.0234882730959378,0.1702141771431348,0.41602934467021263,0.47392874541931596,0.6814086212402605,0.9989697636728302,0.056151319763152796,0.2845320282806584,0.2958121042802547,False,complete,
hubert,confidence_score,layer_8,8,std,1000.0,1394,319,231,49,1.0168946644020944,0.09664330497729884,0.692682948045392,1.0214131961181963,0.17357547398607986,0.4198890472771139,0.48016245885797093,0.6597417555430265,0.9791045435169046,0.0933162798361713,0.3297443439564067,0.31871055508692986,False,complete,
hubert,confidence_score,layer_9,9,std,1000.0,1394,319,231,49,1.0241962490339156,0.10420479556161633,0.6935255802895715,1.0294106243886,0.16058338533595418,0.40636751117108055,0.4717241652161165,0.6684314333814068,0.9708476728514824,0.10854407888483741,0.345891871634492,0.30625379489074084,False,complete,
hubert,confidence_score,layer_10,10,std,1000.0,1394,319,231,49,1.030020173989601,0.09683191655066446,0.699043366458286,1.0344916867183322,0.15227639073171417,0.3966726626711152,0.4553303653150893,0.6784479588599489,0.979462331853818,0.09265351070813788,0.33305399020846815,0.2930373634418241,False,complete,
hubert,confidence_score,layer_11,11,std,1000.0,1394,319,231,49,1.016017326627064,0.10465464518190416,0.6869545028800775,1.0213352036206218,0.17370167649115675,0.4196177011061627,0.4890551664223108,0.6838179971077099,0.9888065054287254,0.07525856811627551,0.3068125510647401,0.3001923206664209,False,complete,
hubert,confidence_score,layer_12,12,std,1000.0,1394,319,231,49,1.0292777960918933,0.09824897346859472,0.6943295345754283,1.0339032769909091,0.15324047186496792,0.3956503493180884,0.4537419388322269,0.6654456076184063,0.9789995716979858,0.09351068428031228,0.32654273971894915,0.3102595358613289,False,complete,
hubert,confidence_score,layer_0,0,mean+std,10000.0,1394,319,231,49,1.0446847278627571,0.0860040842248924,0.7082808528692263,1.048161935214559,0.1297239409885041,0.3617643538440809,0.4189331696579683,0.64526221810417,0.9713799864314626,0.10756624436141882,0.32951760242083966,0.3232379000174201,True,complete,
hubert,confidence_score,layer_1,1,mean+std,10000.0,1394,319,231,49,1.0175717752261582,0.0775529260003635,0.6851128104256362,1.0204758747937637,0.1750915497692931,0.4185536039879199,0.4757283492981248,0.6311458677483732,0.9497264466062623,0.146910199427568,0.38594006825879096,0.36690217707749245,True,complete,
hubert,confidence_score,layer_2,2,mean+std,10000.0,1394,319,231,49,1.010733221723146,0.0817883952795372,0.6799537459233563,1.01399221511159,0.1855404687632781,0.4310023779386283,0.4902762529457833,0.6319631912689948,0.9493818325630841,0.14752918479747135,0.38496835585302747,0.37729211392866885,True,complete,
hubert,confidence_score,layer_3,3,mean+std,10000.0,1394,319,231,49,1.0131658892104367,0.0861336733430381,0.6804821078197224,1.0167728663294195,0.1810673907389579,0.4256462566038831,0.4931720026655686,0.645374002208667,0.9634750062851745,0.12203219210927763,0.3501965992462642,0.33824833856584446,True,complete,
hubert,confidence_score,layer_4,4,mean+std,10000.0,1394,319,231,49,1.0044600694154209,0.0909479019734006,0.6769173272088177,1.0085160663891244,0.1943138259584058,0.441095722383865,0.5074270284135479,0.6402982583365363,0.9642112205403791,0.12068992714991844,0.3477921028576083,0.3451759489191869,True,complete,
hubert,confidence_score,layer_5,5,mean+std,10000.0,1394,319,231,49,0.9975983822279518,0.0906329412002343,0.6761903835305323,1.001647586261993,0.205250677839916,0.4536071475365565,0.5137629289618666,0.6383021970166709,0.956441390740522,0.13480418387888093,0.3674318273725212,0.3422315296841617,True,complete,
hubert,confidence_score,layer_6,6,mean+std,10000.0,1394,319,231,49,0.9963455681714912,0.0922579900942655,0.6713891272747272,1.0005496703798356,0.2069919882567041,0.4559525516530424,0.5146961184305753,0.6403633970459509,0.9567593055221256,0.13422891757316102,0.3666131790709356,0.34473123625883095,True,complete,
hubert,confidence_score,layer_7,7,mean+std,10000.0,1394,319,231,49,1.0009331725800572,0.0990891367786527,0.6751596317143829,1.0057631355128542,0.1987063610916531,0.4463340565881217,0.5161823517279143,0.6495640176840182,0.9655273306907614,0.11828784200369657,0.3463727966841315,0.32758151910236005,True,complete,
hubert,confidence_score,layer_8,8,mean+std,10000.0,1394,319,231,49,1.001071472992038,0.0971888627776912,0.6746337408797792,1.005715719056022,0.1987819128956055,0.4463868996149709,0.5157893538323091,0.6419569266020121,0.9620462747461113,0.12463412829356613,0.35452782759374285,0.33972886575181754,True,complete,
hubert,confidence_score,layer_9,9,mean+std,10000.0,1394,319,231,49,1.0031425067071116,0.0989431440755519,0.6755051011012911,1.0079459195083045,0.1952245295732417,0.4420066756077468,0.5092658767082634,0.6409549444893291,0.9548053312450617,0.1377616074667556,0.3715356771452549,0.34301375078916024,True,complete,
hubert,confidence_score,layer_10,10,mean+std,10000.0,1394,319,231,49,1.0117941186033437,0.1008149246935521,0.681743056294045,1.01674061442939,0.1811193427817884,0.4255887086618307,0.4994157941092114,0.6489629668352045,0.9577818320342106,0.13237736108727416,0.36473595498703937,0.3300364956421971,True,complete,
hubert,confidence_score,layer_11,11,mean+std,10000.0,1394,319,231,49,1.0066194452559885,0.1009093952769115,0.6764068206483369,1.0116035377724963,0.1893732191470699,0.4353303831124958,0.511194780283594,0.6453895730904282,0.9577048783879497,0.13251677497298486,0.36466402407555526,0.3423439092758061,True,complete,
hubert,confidence_score,layer_12,12,mean+std,10000.0,1394,319,231,49,1.0056397523469407,0.0977278214804875,0.6764439722940501,1.0103237907785254,0.1914229173904323,0.438821865988611,0.5016910222348493,0.6415378204109528,0.957629870790507,0.13265265249838543,0.36433419582558385,0.3466139640885841,True,complete,
hubert,confidence_score,weighted_all_layers,all,mean+std,per-layer CV-selected,1394,319,231,49,,,,,,,,0.6380925964982971,0.9558274629848155,0.13591454412849313,0.36877356280494294,0.34442995544570537,False,complete,No weighted CV estimate; weights are fitted on full-train OOF predictions.
hubert,speaking_skills,layer_0,0,mean,10000.0,1394,319,231,49,1.2395563998000256,0.07578895427229525,0.7955367002770913,1.241840966498112,0.10480360257917098,0.32379412769938254,0.3627722885770195,0.6934159727665232,1.0975448656468505,0.11603002771132054,0.34455692329459187,0.41784229335712136,False,complete,
hubert,speaking_skills,layer_1,1,mean,10000.0,1394,319,231,49,1.220851369887892,0.07663408842160585,0.7753544247632539,1.2232137639381535,0.1314574903202972,0.3638732524852111,0.41651141398464486,0.6811237010291951,1.068633114653613,0.16198806565612678,0.41415724389072756,0.4750357424402262,False,complete,
hubert,speaking_skills,layer_2,2,mean,10000.0,1394,319,231,49,1.2080593245080713,0.07993156494940322,0.76250275493871,1.2106621469076646,0.14919058255266704,0.38799162370165,0.447281804738213,0.6860909605584193,1.074387061020736,0.15293939009339608,0.396018140192035,0.4666508940926,False,complete,
hubert,speaking_skills,layer_3,3,mean,10000.0,1394,319,231,49,1.206799374802053,0.07490127141895771,0.7652701613910965,1.2090887588908823,0.1514005855367362,0.3901086545419431,0.4454109106025821,0.6989103874382767,1.0855622332060528,0.1352264470084822,0.3693134814382009,0.4244224141836686,False,complete,
hubert,speaking_skills,layer_4,4,mean,10000.0,1394,319,231,49,1.197611290213068,0.0729640324634468,0.7602077023041699,1.199801585801597,0.16438693039192598,0.4074235248056169,0.4650981449450555,0.7061037189264656,1.091501968084383,0.1257372110735332,0.3555924394693384,0.4105368805608164,False,complete,
hubert,speaking_skills,layer_5,5,mean,10000.0,1394,319,231,49,1.1984824302344135,0.0774168104444744,0.7585785811783551,1.200944830501173,0.16279372470995002,0.40473795066952345,0.46503378303979437,0.6963550735366388,1.081527254570938,0.14164313662918304,0.37785092252097924,0.4142232269025203,False,complete,
hubert,speaking_skills,layer_6,6,mean,10000.0,1394,319,231,49,1.2004785727442882,0.0765683245569567,0.7604921849741662,1.2028803714198668,0.16009292982830525,0.401590461170965,0.462293823772499,0.691975190570321,1.0805377377016026,0.1432130832813936,0.3809275073382269,0.41865445770857773,False,complete,
hubert,speaking_skills,layer_7,7,mean,10000.0,1394,319,231,49,1.201839248865794,0.07709121939678679,0.7592334025936301,1.2042725914880112,0.158147578979152,0.3990062448468949,0.4621675319728506,0.6945102604686305,1.0839125811315393,0.13785272030574047,0.37264956146335987,0.42059448434328117,False,complete,
hubert,speaking_skills,layer_8,8,mean,10000.0,1394,319,231,49,1.1930355891871425,0.07551849160801691,0.7559057175491499,1.1953845160422012,0.1705282242970404,0.41474188462541683,0.47931588428952576,0.6931867095911781,1.0821624648515165,0.1406345680184885,0.37751190493115905,0.4313814464623064,False,complete,
hubert,speaking_skills,layer_9,9,mean,10000.0,1394,319,231,49,1.1932722793138228,0.0754818988199913,0.7537917130370475,1.1956122511758756,0.17021214548385155,0.41390864797626015,0.477380707986695,0.6972176406031545,1.0840965581890802,0.13756002367379716,0.37348826810251906,0.43249378261776045,False,complete,
hubert,speaking_skills,layer_10,10,mean,10000.0,1394,319,231,49,1.197715658985386,0.07517447926445688,0.7572023017237113,1.2000283479280955,0.16407103932264,0.4058374490981801,0.46774851850031995,0.6968277992024163,1.0804493199490879,0.14335329508795447,0.38189293229229165,0.4304114331449548,False,complete,
hubert,speaking_skills,layer_11,11,mean,10000.0,1394,319,231,49,1.1986953387750938,0.07572024348159664,0.7578047813050857,1.2010454145318998,0.16265347995260937,0.4043462893326943,0.4690482134626981,0.6906007608949455,1.0783113016234378,0.14674024565820998,0.38533524444803413,0.4400557461923589,False,complete,
hubert,speaking_skills,layer_12,12,mean,10000.0,1394,319,231,49,1.1996210125484839,0.08148098962730638,0.7581034378084727,1.2023494318213983,0.1608342196796103,0.40269673409804424,0.4654440840947325,0.6982202270025848,1.0832859526190493,0.1388492765115642,0.37571684483930723,0.432449791922347,False,complete,
hubert,speaking_skills,layer_0,0,std,10000.0,1394,319,231,49,1.2256035000159646,0.07059575691290447,0.7784269240991883,1.2276039757168846,0.12521176548778978,0.35474065528440624,0.39827143874703397,0.6961907725280579,1.0848531554216823,0.13635579994838942,0.3716009983615561,0.4408039576840966,False,complete,
hubert,speaking_skills,layer_1,1,std,10000.0,1394,319,231,49,1.2205213006324276,0.0847114972619385,0.7705944696744699,1.2234165750616506,0.13116945450776363,0.3636852957353529,0.4321650541901143,0.6859409738789104,1.0735524482187677,0.15425491791193335,0.41235091044713934,0.48120959625619064,False,complete,
hubert,speaking_skills,layer_2,2,std,1000.0,1394,319,231,49,1.2184723925563499,0.07912194458114435,0.7844758942236955,1.221013517567514,0.13457924852138237,0.3730090973831364,0.42311458044131783,0.7198783460977825,1.0971663525074467,0.11663963660044796,0.34469575881423997,0.40971917116371964,False,complete,
hubert,speaking_skills,layer_3,3,std,10000.0,1394,319,231,49,1.2185720629525196,0.08545104230835962,0.7673490286903418,1.221529425399086,0.13384777149738236,0.37025962103936394,0.44683001774186315,0.6890452391992904,1.0837381122849155,0.13813024404398344,0.3862489354869518,0.463338653496765,False,complete,
hubert,speaking_skills,layer_4,4,std,10000.0,1394,319,231,49,1.2207885554107487,0.08555443184034948,0.7688132354748151,1.2237428157304762,0.13070602176269663,0.36390470887991294,0.44550538248582255,0.6924261104157969,1.0832771606912077,0.13886325462007676,0.38550704690274173,0.47277225480983587,False,complete,
hubert,speaking_skills,layer_5,5,std,1000.0,1394,319,231,49,1.209925697607923,0.07495700043357217,0.7799874289233157,1.2122081038942323,0.14701631029486328,0.3857201221066298,0.44049437248133055,0.7139576041701632,1.087608611979459,0.13196302799080695,0.3668050804631536,0.3934599883370887,False,complete,
hubert,speaking_skills,layer_6,6,std,1000.0,1394,319,231,49,1.197128943635372,0.07666565765830882,0.7750672419365722,1.1995499063734956,0.16473746262027156,0.4068088655178679,0.45268444823148113,0.7204490283000806,1.0966775775592965,0.1174265149836573,0.35887660981266417,0.41242256574824443,False,complete,
hubert,speaking_skills,layer_7,7,std,10000.0,1394,319,231,49,1.2183932583046406,0.0872268905297617,0.7695478340995965,1.2214673740436397,0.13393576701118526,0.36905819768978976,0.4461599345126368,0.6941874697882455,1.087412645498362,0.13227580746687828,0.3710450818488612,0.4475537569072386,False,complete,
hubert,speaking_skills,layer_8,8,std,10000.0,1394,319,231,49,1.218315891034265,0.08722862007160374,0.7677678557206222,1.2213842152312493,0.13405368816564311,0.3693655283718986,0.4457861446300548,0.6947573310478581,1.0813683836127184,0.14189529478962504,0.3907233450304159,0.4366603299119186,False,complete,
hubert,speaking_skills,layer_9,9,std,1000.0,1394,319,231,49,1.2061381613460396,0.07981265818752413,0.7675243613191854,1.2087306202533505,0.15190323056598476,0.3923409375369359,0.45593940019849666,0.715499562060917,1.0795743652791259,0.14474016911393262,0.38823926499372424,0.4151355717452124,False,complete,
hubert,speaking_skills,layer_10,10,std,10000.0,1394,319,231,49,1.217570110248502,0.0851670221412381,0.767324080308984,1.2204996702451572,0.1353074969111865,0.3703860847410509,0.4532565555326558,0.7033123181824933,1.0914972448828326,0.12574477736392298,0.3595372575757142,0.41286875708743775,False,complete,
hubert,speaking_skills,layer_11,11,std,10000.0,1394,319,231,49,1.2154861399514207,0.08533577861791479,0.7624156074957636,1.2184345885865593,0.1382311354927087,0.3755714946607258,0.46192846397496834,0.7006316352159828,1.088590766538387,0.13039457514490016,0.36671632970570983,0.428740526058663,False,complete,
hubert,speaking_skills,layer_12,12,std,1000.0,1394,319,231,49,1.2202158049183822,0.0735505716321273,0.779389417268989,1.2224000041706236,0.1326127256068772,0.3701619486746015,0.44157461943883364,0.731943524480966,1.1071918032262815,0.10042231934879975,0.3456030428128782,0.4206270152777045,False,complete,
hubert,speaking_skills,layer_0,0,mean+std,10000.0,1394,319,231,49,1.2297946857887934,0.0699816574046273,0.7868141705984993,1.231752851381194,0.1192888119536148,0.3460122271344568,0.3864910394370069,0.6895014562711087,1.083246277724441,0.13891235392608248,0.37385034378219995,0.4521749979439053,True,complete,
hubert,speaking_skills,layer_1,1,mean+std,10000.0,1394,319,231,49,1.2154422201001218,0.07753397776815,0.7703932665406175,1.2178738397985618,0.1390241606633143,0.3728772407745372,0.4317143746668401,0.6752955222133145,1.0590752075922145,0.17691146783759581,0.4293780631508118,0.49974298713478327,True,complete,
hubert,speaking_skills,layer_2,2,mean+std,10000.0,1394,319,231,49,1.205494133457802,0.0804575448343511,0.7617785468610602,1.208140107300701,0.1527316861138898,0.3909215551710855,0.4510082168532933,0.6893021374828633,1.0724966885483425,0.15591755581697542,0.39736393086468946,0.46978791124620006,True,complete,
hubert,speaking_skills,layer_3,3,mean+std,10000.0,1394,319,231,49,1.206501639608203,0.0745266678909438,0.7660739678316892,1.2087702126040092,0.1518476703045724,0.389728041583689,0.444522057142003,0.6946760724217276,1.0812183042032444,0.14213346507949487,0.37854105887080364,0.4386413898843606,True,complete,
hubert,speaking_skills,layer_4,4,mean+std,10000.0,1394,319,231,49,1.1987132254167012,0.072026514436718,0.7613089943314384,1.200845575373411,0.1629321050581972,0.4038651638993193,0.4651970467205983,0.6992742278074646,1.0834243771321284,0.13862918321968976,0.3739751470818484,0.4384255027740963,True,complete,
hubert,speaking_skills,layer_5,5,mean+std,10000.0,1394,319,231,49,1.1965559136486863,0.0759160805757645,0.7593855135269915,1.1989262726985364,0.1656057256883694,0.4071949789560138,0.4689089332188191,0.6951366227764777,1.0773263957386732,0.14829823129638264,0.3867712096039927,0.4222439505864302,True,complete,
hubert,speaking_skills,layer_6,6,mean+std,10000.0,1394,319,231,49,1.194687647884932,0.0755939442805999,0.7586518601419512,1.1970409823545118,0.1682278029379821,0.410807513896172,0.4693074330406638,0.6896807667556772,1.0786921719724714,0.14613737942970062,0.38428047262595894,0.42652065945397666,True,complete,
hubert,speaking_skills,layer_7,7,mean+std,10000.0,1394,319,231,49,1.1999728362562987,0.0758569394603946,0.7595025810861586,1.202331876206544,0.1608587249744872,0.4012465114023689,0.4638434133895464,0.688430670457908,1.0777809933872708,0.147579297253576,0.38563887903086214,0.4365771542273133,True,complete,
hubert,speaking_skills,layer_8,8,mean+std,10000.0,1394,319,231,49,1.1936186443759105,0.0746614027485793,0.7565453808504058,1.1959080785821377,0.1698014699374588,0.4123830386681598,0.4765155278705799,0.6893788520617515,1.0736737526006839,0.15406377982500352,0.3946023963053278,0.4417713833134828,True,complete,
hubert,speaking_skills,layer_9,9,mean+std,10000.0,1394,319,231,49,1.1918797097128755,0.0761215194058614,0.7520894438032001,1.1942615272324837,0.1720859657141863,0.4151210552734893,0.4809774039953772,0.695215145948723,1.0757290286778707,0.15082201936027373,0.39028350036198306,0.4409610673105731,True,complete,
hubert,speaking_skills,layer_10,10,mean+std,10000.0,1394,319,231,49,1.1979297002968994,0.0756744441774779,0.7582859982942909,1.2002719503875705,0.1637316223084906,0.4046500340145609,0.4696539657959094,0.695967890037862,1.0770723275549496,0.14869990122001742,0.38799698883315564,0.4260877762243201,True,complete,
hubert,speaking_skills,layer_11,11,mean+std,10000.0,1394,319,231,49,1.1978685109847709,0.0762873712711995,0.7561393673627265,1.20025500292035,0.1637552378413825,0.4048714544813836,0.473250976326945,0.695352199231456,1.0769674878710267,0.1488656202479831,0.38782821556257363,0.44187747852006815,True,complete,
hubert,speaking_skills,layer_12,12,mean+std,10000.0,1394,319,231,49,1.1988350243107546,0.0814930365515722,0.7574658592310629,1.2015677407409766,0.1619250093513335,0.403163831494553,0.4693140202905174,0.6990045089568149,1.0807734417768753,0.14283925053694257,0.38058189318423036,0.43627032836854734,True,complete,
hubert,speaking_skills,weighted_all_layers,all,mean+std,per-layer CV-selected,1394,319,231,49,,,,,,,,0.6919923661182198,1.074490185491909,0.15277677296430414,0.39311663828024695,0.44016886512342196,False,complete,No weighted CV estimate; weights are fitted on full-train OOF predictions.
hubert,overall_performance,layer_0,0,mean,10000.0,1394,319,231,49,1.1622147626609547,0.12458778499009904,0.7690203818468557,1.16889086032284,0.12224835556001679,0.3502602623581662,0.40678853574305546,0.692296268812664,1.09650733444878,0.0644054599325492,0.2600061947695962,0.3497354551143912,False,complete,
hubert,overall_performance,layer_1,1,mean,10000.0,1394,319,231,49,1.1298913172001253,0.11960851524990276,0.7397938494875116,1.136237109685462,0.17060451917719077,0.41793467470270484,0.4806753119197092,0.6675122705601949,1.0678108427281137,0.1127352055339168,0.3363960915690708,0.42677905858081694,False,complete,
hubert,overall_performance,layer_2,2,mean,10000.0,1394,319,231,49,1.1177078997250829,0.1259451265394522,0.7282513157122098,1.1248171636647364,0.18719270013104516,0.4367736759458435,0.5136694643101463,0.6634645901423084,1.059107774944432,0.12713936217517008,0.357019283815182,0.45263745475031036,False,complete,
hubert,overall_performance,layer_3,3,mean,10000.0,1394,319,231,49,1.1216088414790644,0.12271279977191954,0.7291624114948172,1.1283374792261442,0.182097088484363,0.42962436196268033,0.5101990468114355,0.6672030904121591,1.0666893001536333,0.11459804979959043,0.3396928265903431,0.4253129485135087,False,complete,
hubert,overall_performance,layer_4,4,mean,10000.0,1394,319,231,49,1.1140659169864935,0.12497068027021553,0.7219276864157821,1.1210903606588378,0.19256984866582072,0.4424490950456951,0.5264784447437538,0.6732156148448489,1.0728388875747428,0.10435973240072627,0.32534526079533377,0.41224290626949706,False,complete,
hubert,overall_performance,layer_5,5,mean,10000.0,1394,319,231,49,1.1129484192506847,0.12284774366396982,0.7223909398873924,1.1197456797340612,0.1945056155281042,0.4437481969998372,0.5281656622548514,0.6742878191826692,1.0740769621636377,0.10229137097908336,0.3239815980739674,0.39820913509319283,False,complete,
hubert,overall_performance,layer_6,6,mean,10000.0,1394,319,231,49,1.115786001112122,0.12118833414700368,0.7221855311151029,1.1223789059479625,0.19071271339564433,0.4390399842415949,0.5245479596968714,0.667344708268511,1.0655471679682642,0.11649308086503174,0.342329753132803,0.4086582190978662,False,complete,
hubert,overall_performance,layer_7,7,mean,10000.0,1394,319,231,49,1.1189293664428372,0.12193663121899263,0.7231407051003045,1.1255876266003033,0.1860788259926096,0.43357324429183175,0.5265858962114403,0.6762416648001693,1.0696185360501007,0.10972856765348826,0.33362824878575714,0.4032917239271366,False,complete,
hubert,overall_performance,layer_8,8,mean,10000.0,1394,319,231,49,1.114217116173784,0.12274326716159813,0.7183072865114372,1.120991386014744,0.19271240913559107,0.44145185048077223,0.5369674551394696,0.676258056288402,1.0692087436719415,0.11041059876831893,0.33431935583073547,0.4169621097791433,False,complete,
hubert,overall_performance,layer_9,9,mean,10000.0,1394,319,231,49,1.1118143545657186,0.12105315592610481,0.7163650132375771,1.1184192071521872,0.1964128938899995,0.4447894367803588,0.5349394947423657,0.6724371356259545,1.0592170748647105,0.12695919444680226,0.35749571995378193,0.43261429494301074,False,complete,
hubert,overall_performance,layer_10,10,mean,10000.0,1394,319,231,49,1.1195142140868544,0.11945318748292617,0.7244240478083751,1.1259045843649773,0.18562037219950633,0.43164936491719513,0.5208434312497648,0.6773687667397655,1.0668617063799442,0.11431181622605424,0.3403465220116295,0.4201756485625801,False,complete,
hubert,overall_performance,layer_11,11,mean,10000.0,1394,319,231,49,1.1177163523634388,0.12215601137064887,0.7246980224753455,1.1244077683099576,0.18778426111898783,0.43472448467390395,0.5219474091403318,0.6740301352047323,1.069710242766484,0.1095759013206219,0.3330954658265525,0.41137418245250906,False,complete,
hubert,overall_performance,layer_12,12,mean,10000.0,1394,319,231,49,1.117755610759568,0.12285131999872914,0.7258618651851899,1.1245231083582723,0.1876176208483803,0.4359033242993398,0.5185008067426385,0.6778593873057451,1.06785816069074,0.11265656896100684,0.336846403534795,0.40921568101957595,False,complete,
hubert,overall_performance,layer_0,0,std,10000.0,1394,319,231,49,1.1411431206218265,0.12130510567554678,0.7471958810780689,1.1475940658816965,0.1539416542516887,0.39476445700214907,0.4599734550443,0.685739507804541,1.0800845752330186,0.09222101512433811,0.3052172696304133,0.38582150313265345,False,complete,
hubert,overall_performance,layer_1,1,std,1000.0,1394,319,231,49,1.1358040495378683,0.12670553262870346,0.7439799980523072,1.1428894179286446,0.16086439426009336,0.4038999709291188,0.48075688395656513,0.6717805511767228,1.0605172316784477,0.12481461686549855,0.35780230892957215,0.4458473615288486,False,complete,
hubert,overall_performance,layer_2,2,std,1000.0,1394,319,231,49,1.1383952279603295,0.1280163893346638,0.7522999540663011,1.1456225614324418,0.15684612207528026,0.40085971852072055,0.4761688223495346,0.7048654847915486,1.0845671260240728,0.08467047807408612,0.30948783378291156,0.3921339830896266,False,complete,
hubert,overall_performance,layer_3,3,std,1000.0,1394,319,231,49,1.1259924488740776,0.12339687726318582,0.7412041693571276,1.1327772747602007,0.175647837184284,0.4203969441359526,0.48950606744020025,0.7012720925695691,1.0765548095346937,0.09814464626007202,0.32524905258790676,0.4064124756135249,False,complete,
hubert,overall_performance,layer_4,4,std,1000.0,1394,319,231,49,1.1298162860457304,0.12593172482841777,0.7441433909920756,1.1368536538346212,0.16970418303557944,0.4142035103335879,0.49202968405712455,0.6846014519495477,1.0708645866947664,0.10765311849639991,0.33239168944672487,0.42253377163856587,False,complete,
hubert,overall_performance,layer_5,5,std,1000.0,1394,319,231,49,1.130368187624065,0.11726945325274582,0.7425008920068602,1.1364663916246354,0.17026975702348746,0.41535803274904265,0.48665732330763556,0.6946896720812884,1.0860606245264253,0.08214784120290963,0.30318700401948045,0.3812601485889025,False,complete,
hubert,overall_performance,layer_6,6,std,1000.0,1394,319,231,49,1.1052080483569047,0.11831489241884159,0.7329676521366812,1.111550195586394,0.20625338736836074,0.4544195345247415,0.510945957662862,0.6870025602337381,1.0714051922722285,0.10675192244540688,0.3437995006307644,0.4310587248060382,False,complete,
hubert,overall_performance,layer_7,7,std,1000.0,1394,319,231,49,1.13853853545194,0.11721783770996076,0.758268871573263,1.144577343409701,0.15838393677534246,0.4035924154178605,0.47525139165371283,0.6946069684289986,1.0849522294111087,0.08402034020405214,0.3172209931214785,0.4229799629777592,False,complete,
hubert,overall_performance,layer_8,8,std,1000.0,1394,319,231,49,1.1354922847139637,0.10908117123427476,0.7462750597100558,1.1407463376675053,0.16400844102078638,0.40976068324356146,0.4920449184567524,0.7135417561889527,1.100599290379369,0.05740951023513752,0.28619506684029,0.352937534136838,False,complete,
hubert,overall_performance,layer_9,9,std,1000.0,1394,319,231,49,1.1298251987308507,0.11985743922643603,0.741077891424927,1.1361763739066977,0.17069318488555518,0.4170252722147681,0.4985176068655513,0.711275075737553,1.0823891322432382,0.08834305902157213,0.32739819461001407,0.3790783579642799,False,complete,
hubert,overall_performance,layer_10,10,std,10000.0,1394,319,231,49,1.1428473932084053,0.12801613708056944,0.7461327496376889,1.1500147148304496,0.15036866574318686,0.39023339254363165,0.49469356878391124,0.6837632778505314,1.079115851639706,0.0938486516650111,0.3067007735779086,0.38459604804613634,False,complete,
hubert,overall_performance,layer_11,11,std,1000.0,1394,319,231,49,1.1268511184884513,0.12463002393545682,0.7371638975440062,1.1337495611520365,0.1742321125176809,0.41974636807933946,0.5046756666034663,0.7068784348675364,1.0804335902505726,0.09163424683771826,0.32397397949730716,0.3897115374842129,False,complete,
hubert,overall_performance,layer_12,12,std,1000.0,1394,319,231,49,1.125166038793995,0.12490685959040115,0.739261329985761,1.132106956880962,0.1766231648370694,0.42193400697736805,0.49496623751490687,0.7056425844137288,1.0977549445601555,0.062275202839989996,0.3031015683576884,0.38582593916916574,False,complete,
hubert,overall_performance,layer_0,0,mean+std,10000.0,1394,319,231,49,1.1466051784166114,0.1168561878221632,0.7556006409043542,1.1525620167397868,0.1466006018453981,0.3829631582371954,0.4463312960365695,0.6800240515670921,1.0797885528697786,0.09271854293221149,0.307668744529028,0.3844566825657089,True,complete,
hubert,overall_performance,layer_1,1,mean+std,10000.0,1394,319,231,49,1.1241218570309912,0.1213551052427959,0.7329408699885634,1.1306881319564257,0.1786856829095613,0.4231857210256662,0.5005870266247131,0.6663784687681026,1.061092544517118,0.12386481248003434,0.35291239370081956,0.44702143252576504,True,complete,
hubert,overall_performance,layer_2,2,mean+std,10000.0,1394,319,231,49,1.11617520260407,0.1289314893428332,0.7262768731619819,1.1236359865751324,0.1888988712398021,0.435297972021984,0.5139968865099993,0.6673574345158834,1.0600850363017862,0.12552780471419744,0.35544333052466587,0.45023608031832996,True,complete,
hubert,overall_performance,layer_3,3,mean+std,10000.0,1394,319,231,49,1.1186654865303909,0.1234789175006064,0.7270424182300318,1.1254973056866369,0.1862094442631783,0.4322348628635626,0.5160260651274864,0.6680375818666023,1.0652085728381355,0.11705448934914042,0.3436127747310529,0.43737970716632646,True,complete,
hubert,overall_performance,layer_4,4,mean+std,10000.0,1394,319,231,49,1.1119884878880884,0.1250335861193466,0.7204653917989814,1.1190347785448205,0.195528071166512,0.4431406359061022,0.528927298068291,0.671479960125447,1.071018517697305,0.10739655996573727,0.33004300370186807,0.4241118916278091,True,complete,
hubert,overall_performance,layer_5,5,mean+std,10000.0,1394,319,231,49,1.1103577568622118,0.1215992805545945,0.7202611193047201,1.1170321918869437,0.1984048061251958,0.4462090724597199,0.5297445378899098,0.6742472704039196,1.0735484324877909,0.10317463899497015,0.325720549839035,0.4024529433566064,True,complete,
hubert,overall_performance,layer_6,6,mean+std,10000.0,1394,319,231,49,1.109594872543989,0.1205815171010013,0.7198717956487496,1.1161573844134298,0.1996598583638564,0.4478515741322622,0.5313139114059797,0.6673663231145837,1.06479720594983,0.11773631715757393,0.3452023261209672,0.41889659136820634,True,complete,
hubert,overall_performance,layer_7,7,mean+std,10000.0,1394,319,231,49,1.1161003192513173,0.1225216345048531,0.7248667457889564,1.1228337449535803,0.1900566604223474,0.4362641182813971,0.5292258860991479,0.6776273710409175,1.070668141560136,0.10798048224849865,0.33352658523755235,0.4149769834398984,True,complete,
hubert,overall_performance,layer_8,8,mean+std,10000.0,1394,319,231,49,1.1139421598255228,0.1210092180630702,0.7191572532802238,1.1205249457919235,0.1933840879150374,0.4401413225719274,0.5376071404477171,0.6812797379243626,1.0731104916890242,0.10390618736858759,0.32740660668073884,0.4111442478932893,True,complete,
hubert,overall_performance,layer_9,9,mean+std,10000.0,1394,319,231,49,1.1110741528349204,0.1204073358785149,0.7181401794240252,1.1176111713454395,0.1975736260884431,0.4447183645321393,0.536542367104026,0.6781443845096089,1.0615444804388796,0.12311833416814721,0.35349172645878574,0.4235673681459268,True,complete,
hubert,overall_performance,layer_10,10,mean+std,10000.0,1394,319,231,49,1.12073477822992,0.1194577793445903,0.7273912149320423,1.1271163733100162,0.183866427308058,0.4287973186349401,0.5228123589020472,0.6817632527278463,1.070241737795607,0.10869085126865075,0.33489238773848884,0.41178710351786035,True,complete,
hubert,overall_performance,layer_11,11,mean+std,10000.0,1394,319,231,49,1.1165403433402454,0.1237518894774551,0.7238623953429527,1.1234095822411088,0.1892257000568703,0.4352460406146486,0.5265815903561224,0.6764571625137991,1.0695235229858742,0.10988672433650215,0.3350197010183659,0.4149950972556569,True,complete,
hubert,overall_performance,layer_12,12,mean+std,10000.0,1394,319,231,49,1.1141591078113375,0.1238866512175667,0.722063616019838,1.1210596030141626,0.1926141525148073,0.440398714695752,0.5222465730571879,0.6764437902549258,1.0688421466336469,0.11102051695984982,0.3365832617584004,0.4113335187844798,True,complete,
hubert,overall_performance,weighted_all_layers,all,mean+std,per-layer CV-selected,1394,319,231,49,,,,,,,,0.6693814401550163,1.0621178245808705,0.12217086424011514,0.35056340233365796,0.425693708314146,False,complete,No weighted CV estimate; weights are fitted on full-train OOF predictions.
