encoder,target,layer,layer_index,weight,learned_from,pooling,constraint,training_oof_mse
wavlm,confidence_score,layer_0,0,1.0815178596785756e-17,training-only GroupKFold out-of-fold predictions,mean+std,weights >= 0 and sum to 1,0.9904354450806162
wavlm,confidence_score,layer_1,1,5.002296435683253e-18,training-only GroupKFold out-of-fold predictions,mean+std,weights >= 0 and sum to 1,0.9904354450806162
wavlm,confidence_score,layer_2,2,0.0,training-only GroupKFold out-of-fold predictions,mean+std,weights >= 0 and sum to 1,0.9904354450806162
wavlm,confidence_score,layer_3,3,0.23923182380407587,training-only GroupKFold out-of-fold predictions,mean+std,weights >= 0 and sum to 1,0.9904354450806162
wavlm,confidence_score,layer_4,4,0.1260859468886563,training-only GroupKFold out-of-fold predictions,mean+std,weights >= 0 and sum to 1,0.9904354450806162
wavlm,confidence_score,layer_5,5,1.1778036405395887e-17,training-only GroupKFold out-of-fold predictions,mean+std,weights >= 0 and sum to 1,0.9904354450806162
wavlm,confidence_score,layer_6,6,4.308188257917507e-17,training-only GroupKFold out-of-fold predictions,mean+std,weights >= 0 and sum to 1,0.9904354450806162
wavlm,confidence_score,layer_7,7,0.568125831657616,training-only GroupKFold out-of-fold predictions,mean+std,weights >= 0 and sum to 1,0.9904354450806162
wavlm,confidence_score,layer_8,8,0.0,training-only GroupKFold out-of-fold predictions,mean+std,weights >= 0 and sum to 1,0.9904354450806162
wavlm,confidence_score,layer_9,9,1.6116278667311488e-17,training-only GroupKFold out-of-fold predictions,mean+std,weights >= 0 and sum to 1,0.9904354450806162
wavlm,confidence_score,layer_10,10,0.06655639764965188,training-only GroupKFold out-of-fold predictions,mean+std,weights >= 0 and sum to 1,0.9904354450806162
wavlm,confidence_score,layer_11,11,4.861638323433595e-17,training-only GroupKFold out-of-fold predictions,mean+std,weights >= 0 and sum to 1,0.9904354450806162
wavlm,confidence_score,layer_12,12,0.0,training-only GroupKFold out-of-fold predictions,mean+std,weights >= 0 and sum to 1,0.9904354450806162
wavlm,speaking_skills,layer_0,0,1.2217664118136792e-18,training-only GroupKFold out-of-fold predictions,mean+std,weights >= 0 and sum to 1,1.3881336170767171
wavlm,speaking_skills,layer_1,1,9.16431250425114e-19,training-only GroupKFold out-of-fold predictions,mean+std,weights >= 0 and sum to 1,1.3881336170767171
wavlm,speaking_skills,layer_2,2,0.0,training-only GroupKFold out-of-fold predictions,mean+std,weights >= 0 and sum to 1,1.3881336170767171
wavlm,speaking_skills,layer_3,3,3.5045972622386033e-17,training-only GroupKFold out-of-fold predictions,mean+std,weights >= 0 and sum to 1,1.3881336170767171
wavlm,speaking_skills,layer_4,4,0.0,training-only GroupKFold out-of-fold predictions,mean+std,weights >= 0 and sum to 1,1.3881336170767171
wavlm,speaking_skills,layer_5,5,5.428644725776658e-17,training-only GroupKFold out-of-fold predictions,mean+std,weights >= 0 and sum to 1,1.3881336170767171
wavlm,speaking_skills,layer_6,6,0.0,training-only GroupKFold out-of-fold predictions,mean+std,weights >= 0 and sum to 1,1.3881336170767171
wavlm,speaking_skills,layer_7,7,0.9132718641548017,training-only GroupKFold out-of-fold predictions,mean+std,weights >= 0 and sum to 1,1.3881336170767171
wavlm,speaking_skills,layer_8,8,0.0,training-only GroupKFold out-of-fold predictions,mean+std,weights >= 0 and sum to 1,1.3881336170767171
wavlm,speaking_skills,layer_9,9,6.128541073601539e-17,training-only GroupKFold out-of-fold predictions,mean+std,weights >= 0 and sum to 1,1.3881336170767171
wavlm,speaking_skills,layer_10,10,0.08672813584519819,training-only GroupKFold out-of-fold predictions,mean+std,weights >= 0 and sum to 1,1.3881336170767171
wavlm,speaking_skills,layer_11,11,0.0,training-only GroupKFold out-of-fold predictions,mean+std,weights >= 0 and sum to 1,1.3881336170767171
wavlm,speaking_skills,layer_12,12,2.2804931415267723e-17,training-only GroupKFold out-of-fold predictions,mean+std,weights >= 0 and sum to 1,1.3881336170767171
wavlm,overall_performance,layer_0,0,3.279429039636869e-18,training-only GroupKFold out-of-fold predictions,mean+std,weights >= 0 and sum to 1,1.2202832154537178
wavlm,overall_performance,layer_1,1,0.0,training-only GroupKFold out-of-fold predictions,mean+std,weights >= 0 and sum to 1,1.2202832154537178
wavlm,overall_performance,layer_2,2,1.9513885872299594e-17,training-only GroupKFold out-of-fold predictions,mean+std,weights >= 0 and sum to 1,1.2202832154537178
wavlm,overall_performance,layer_3,3,1.1454196355435244e-17,training-only GroupKFold out-of-fold predictions,mean+std,weights >= 0 and sum to 1,1.2202832154537178
wavlm,overall_performance,layer_4,4,2.3922899169804014e-17,training-only GroupKFold out-of-fold predictions,mean+std,weights >= 0 and sum to 1,1.2202832154537178
wavlm,overall_performance,layer_5,5,0.10487956220043304,training-only GroupKFold out-of-fold predictions,mean+std,weights >= 0 and sum to 1,1.2202832154537178
wavlm,overall_performance,layer_6,6,1.8890338153381725e-17,training-only GroupKFold out-of-fold predictions,mean+std,weights >= 0 and sum to 1,1.2202832154537178
wavlm,overall_performance,layer_7,7,0.7104016463646682,training-only GroupKFold out-of-fold predictions,mean+std,weights >= 0 and sum to 1,1.2202832154537178
wavlm,overall_performance,layer_8,8,0.0,training-only GroupKFold out-of-fold predictions,mean+std,weights >= 0 and sum to 1,1.2202832154537178
wavlm,overall_performance,layer_9,9,0.0,training-only GroupKFold out-of-fold predictions,mean+std,weights >= 0 and sum to 1,1.2202832154537178
wavlm,overall_performance,layer_10,10,0.0,training-only GroupKFold out-of-fold predictions,mean+std,weights >= 0 and sum to 1,1.2202832154537178
wavlm,overall_performance,layer_11,11,0.1847187914348988,training-only GroupKFold out-of-fold predictions,mean+std,weights >= 0 and sum to 1,1.2202832154537178
wavlm,overall_performance,layer_12,12,2.5245109436070973e-17,training-only GroupKFold out-of-fold predictions,mean+std,weights >= 0 and sum to 1,1.2202832154537178
hubert,confidence_score,layer_0,0,0.0,training-only GroupKFold out-of-fold predictions,mean+std,weights >= 0 and sum to 1,1.0000723068509767
hubert,confidence_score,layer_1,1,3.423872298101588e-17,training-only GroupKFold out-of-fold predictions,mean+std,weights >= 0 and sum to 1,1.0000723068509767
hubert,confidence_score,layer_2,2,4.682847784540509e-18,training-only GroupKFold out-of-fold predictions,mean+std,weights >= 0 and sum to 1,1.0000723068509767
hubert,confidence_score,layer_3,3,3.1744048180429907e-17,training-only GroupKFold out-of-fold predictions,mean+std,weights >= 0 and sum to 1,1.0000723068509767
hubert,confidence_score,layer_4,4,0.0,training-only GroupKFold out-of-fold predictions,mean+std,weights >= 0 and sum to 1,1.0000723068509767
hubert,confidence_score,layer_5,5,0.35759456462550193,training-only GroupKFold out-of-fold predictions,mean+std,weights >= 0 and sum to 1,1.0000723068509767
hubert,confidence_score,layer_6,6,0.6251841611376981,training-only GroupKFold out-of-fold predictions,mean+std,weights >= 0 and sum to 1,1.0000723068509767
hubert,confidence_score,layer_7,7,3.1847485649800747e-18,training-only GroupKFold out-of-fold predictions,mean+std,weights >= 0 and sum to 1,1.0000723068509767
hubert,confidence_score,layer_8,8,0.017221274236799877,training-only GroupKFold out-of-fold predictions,mean+std,weights >= 0 and sum to 1,1.0000723068509767
hubert,confidence_score,layer_9,9,0.0,training-only GroupKFold out-of-fold predictions,mean+std,weights >= 0 and sum to 1,1.0000723068509767
hubert,confidence_score,layer_10,10,1.9417044951872794e-17,training-only GroupKFold out-of-fold predictions,mean+std,weights >= 0 and sum to 1,1.0000723068509767
hubert,confidence_score,layer_11,11,0.0,training-only GroupKFold out-of-fold predictions,mean+std,weights >= 0 and sum to 1,1.0000723068509767
hubert,confidence_score,layer_12,12,6.822764172819411e-18,training-only GroupKFold out-of-fold predictions,mean+std,weights >= 0 and sum to 1,1.0000723068509767
hubert,speaking_skills,layer_0,0,0.0,training-only GroupKFold out-of-fold predictions,mean+std,weights >= 0 and sum to 1,1.4245243152445384
hubert,speaking_skills,layer_1,1,1.8419364923249032e-17,training-only GroupKFold out-of-fold predictions,mean+std,weights >= 0 and sum to 1,1.4245243152445384
hubert,speaking_skills,layer_2,2,2.1383768685031254e-17,training-only GroupKFold out-of-fold predictions,mean+std,weights >= 0 and sum to 1,1.4245243152445384
hubert,speaking_skills,layer_3,3,0.0,training-only GroupKFold out-of-fold predictions,mean+std,weights >= 0 and sum to 1,1.4245243152445384
hubert,speaking_skills,layer_4,4,0.051165505648112175,training-only GroupKFold out-of-fold predictions,mean+std,weights >= 0 and sum to 1,1.4245243152445384
hubert,speaking_skills,layer_5,5,0.028875260433186598,training-only GroupKFold out-of-fold predictions,mean+std,weights >= 0 and sum to 1,1.4245243152445384
hubert,speaking_skills,layer_6,6,0.2043011696054686,training-only GroupKFold out-of-fold predictions,mean+std,weights >= 0 and sum to 1,1.4245243152445384
hubert,speaking_skills,layer_7,7,1.6657702436723834e-17,training-only GroupKFold out-of-fold predictions,mean+std,weights >= 0 and sum to 1,1.4245243152445384
hubert,speaking_skills,layer_8,8,0.11390669321851395,training-only GroupKFold out-of-fold predictions,mean+std,weights >= 0 and sum to 1,1.4245243152445384
hubert,speaking_skills,layer_9,9,0.6017513710947185,training-only GroupKFold out-of-fold predictions,mean+std,weights >= 0 and sum to 1,1.4245243152445384
hubert,speaking_skills,layer_10,10,4.445706606962354e-17,training-only GroupKFold out-of-fold predictions,mean+std,weights >= 0 and sum to 1,1.4245243152445384
hubert,speaking_skills,layer_11,11,4.0088705133535084e-17,training-only GroupKFold out-of-fold predictions,mean+std,weights >= 0 and sum to 1,1.4245243152445384
hubert,speaking_skills,layer_12,12,0.0,training-only GroupKFold out-of-fold predictions,mean+std,weights >= 0 and sum to 1,1.4245243152445384
hubert,overall_performance,layer_0,0,7.869133264725432e-17,training-only GroupKFold out-of-fold predictions,mean+std,weights >= 0 and sum to 1,1.2418424756032247
hubert,overall_performance,layer_1,1,4.528799885085456e-19,training-only GroupKFold out-of-fold predictions,mean+std,weights >= 0 and sum to 1,1.2418424756032247
hubert,overall_performance,layer_2,2,0.08427407479056725,training-only GroupKFold out-of-fold predictions,mean+std,weights >= 0 and sum to 1,1.2418424756032247
hubert,overall_performance,layer_3,3,0.0,training-only GroupKFold out-of-fold predictions,mean+std,weights >= 0 and sum to 1,1.2418424756032247
hubert,overall_performance,layer_4,4,0.09877543043567813,training-only GroupKFold out-of-fold predictions,mean+std,weights >= 0 and sum to 1,1.2418424756032247
hubert,overall_performance,layer_5,5,0.15554824023796876,training-only GroupKFold out-of-fold predictions,mean+std,weights >= 0 and sum to 1,1.2418424756032247
hubert,overall_performance,layer_6,6,0.31392409973583973,training-only GroupKFold out-of-fold predictions,mean+std,weights >= 0 and sum to 1,1.2418424756032247
hubert,overall_performance,layer_7,7,3.2847318053304645e-18,training-only GroupKFold out-of-fold predictions,mean+std,weights >= 0 and sum to 1,1.2418424756032247
hubert,overall_performance,layer_8,8,0.0,training-only GroupKFold out-of-fold predictions,mean+std,weights >= 0 and sum to 1,1.2418424756032247
hubert,overall_performance,layer_9,9,0.3474781547999461,training-only GroupKFold out-of-fold predictions,mean+std,weights >= 0 and sum to 1,1.2418424756032247
hubert,overall_performance,layer_10,10,0.0,training-only GroupKFold out-of-fold predictions,mean+std,weights >= 0 and sum to 1,1.2418424756032247
hubert,overall_performance,layer_11,11,0.0,training-only GroupKFold out-of-fold predictions,mean+std,weights >= 0 and sum to 1,1.2418424756032247
hubert,overall_performance,layer_12,12,3.365320975897794e-17,training-only GroupKFold out-of-fold predictions,mean+std,weights >= 0 and sum to 1,1.2418424756032247
