target,feature_set,model,feature_dimensions,params,cv_rmse_fold_mean,cv_rmse_fold_std,error,mae,rmse,r2,pearson,spearman,ccc
confidence_score,A_original,Ridge,27,"{""alpha"": 10.0}",1.0093009457161428,0.07826685134987134,,0.6397132715311845,0.9436162065334746,0.15785190889685607,0.40495546811564187,0.3628942180886483,0.315485525601595
confidence_score,A_original,SVR,27,"{""C"": 1.0, ""epsilon"": 0.2, ""gamma"": 0.01}",1.0062694675381862,0.09717737213780435,,0.6320177573288251,0.9431139681389322,0.15874813459247528,0.39895906779517804,0.35853692122446224,0.2805129493637514
confidence_score,A_original,ExtraTrees,27,"{""max_depth"": 12, ""max_features"": ""sqrt"", ""min_samples_leaf"": 2, ""min_samples_split"": 8, ""n_estimators"": 200}",1.0116846869425349,0.092967345140471,,0.6306630127115583,0.9461371998446814,0.1533460818634137,0.3916631570192318,0.35251943769555566,0.2691591602858899
confidence_score,A_original,RandomForest,27,"{""max_depth"": 8, ""max_features"": ""sqrt"", ""min_samples_leaf"": 5, ""min_samples_split"": 4, ""n_estimators"": 400}",1.012820632693734,0.09072594764654812,,0.6384050824708959,0.9469547856648695,0.15188221104431365,0.39375319227545236,0.35593925217681344,0.2946716207068787
confidence_score,B_improved_only,Ridge,36,"{""alpha"": 100.0}",1.0308259981506407,0.08202411063674328,,0.6339925104483775,0.9604619375737168,0.12751493090227728,0.360243008862169,0.35418664808475386,0.24870903869318017
confidence_score,B_improved_only,SVR,36,"{""C"": 1.0, ""epsilon"": 0.1, ""gamma"": 0.01}",1.0135249961463724,0.08888961922962824,,0.6433573653171812,0.961104781954339,0.12634661844791018,0.362109238994471,0.33576674580693366,0.2521296671067397
confidence_score,B_improved_only,ExtraTrees,36,"{""max_depth"": 12, ""max_features"": 1.0, ""min_samples_leaf"": 5, ""min_samples_split"": 8, ""n_estimators"": 700}",1.0141558746207993,0.08736255405508002,,0.6424904060790726,0.958035403583459,0.13191789624402794,0.3706855269002082,0.36337996408674283,0.2702767602011953
confidence_score,B_improved_only,RandomForest,36,"{""max_depth"": 8, ""max_features"": ""sqrt"", ""min_samples_leaf"": 5, ""min_samples_split"": 4, ""n_estimators"": 400}",1.012460983701041,0.08749414916054311,,0.6388691072508623,0.9600748613930579,0.12821803036523927,0.3618236229971635,0.3574216277113334,0.25258607578435394
confidence_score,C_original_plus_new,Ridge,63,"{""alpha"": 1000.0}",1.013521285191485,0.08307445794781806,,0.6255412825951371,0.945287923312407,0.15486535536429302,0.3935374643674566,0.35108364054441465,0.2686071312558295
confidence_score,C_original_plus_new,SVR,63,"{""C"": 1.0, ""epsilon"": 0.4, ""gamma"": ""scale""}",1.012844067548845,0.09429182859776582,,0.6465160063145802,0.9566411647838978,0.13444271537847385,0.3722477491895515,0.3533297536984653,0.26561828151760836
confidence_score,C_original_plus_new,ExtraTrees,63,"{""max_depth"": 12, ""max_features"": ""sqrt"", ""min_samples_leaf"": 2, ""min_samples_split"": 8, ""n_estimators"": 200}",1.0076716014448543,0.08639770646798492,,0.6295008516098229,0.9489530141504207,0.14829910183608763,0.385863999576346,0.36308127096158277,0.25760648556925725
confidence_score,C_original_plus_new,RandomForest,63,"{""max_depth"": 8, ""max_features"": ""sqrt"", ""min_samples_leaf"": 5, ""min_samples_split"": 4, ""n_estimators"": 400}",1.0087135070938555,0.08760769219913862,,0.6366108839006563,0.9489544301968804,0.14829655998433422,0.38922423957356755,0.36548782076949415,0.28894386641884945
speaking_skills,A_original,Ridge,27,"{""alpha"": 10.0}",1.1892938583010442,0.06704144181604729,,0.7036402652546948,1.0925458022728818,0.12406424706409758,0.36748009872327925,0.42882961645861795,0.27833882928915854
speaking_skills,A_original,SVR,27,"{""C"": 10.0, ""epsilon"": 0.1, ""gamma"": 0.001}",1.1857570435613427,0.08099688507925323,,0.693989855359267,1.0859214655397929,0.13465401364126905,0.36730923821524003,0.4399899449840934,0.23536096818011729
speaking_skills,A_original,ExtraTrees,27,"{""max_depth"": null, ""max_features"": ""sqrt"", ""min_samples_leaf"": 5, ""min_samples_split"": 12, ""n_estimators"": 200}",1.1942278350789803,0.08327903795028614,,0.681373885834819,1.0735037155553984,0.15433169939566482,0.3947946273502444,0.46996017733076023,0.25738557446662613
speaking_skills,A_original,RandomForest,27,"{""max_depth"": 12, ""max_features"": ""sqrt"", ""min_samples_leaf"": 3, ""min_samples_split"": 4, ""n_estimators"": 200}",1.1950049147752075,0.08358120360305568,,0.7058258765661339,1.0895372776900751,0.1288817034773878,0.36757881246871754,0.43336213676503904,0.26979141506050897
speaking_skills,B_improved_only,Ridge,36,"{""alpha"": 1000.0}",1.2241159808803879,0.07859967884817541,,0.6903950340838477,1.0883415432772248,0.13079270655998354,0.3675435068439747,0.4514530330015319,0.20345040847661175
speaking_skills,B_improved_only,SVR,36,"{""C"": 1.0, ""epsilon"": 0.1, ""gamma"": 0.01}",1.198851060743817,0.08547203662006124,,0.7113951029505831,1.094109672692622,0.1215548229051524,0.35074518173997354,0.417572434469291,0.2321035167092386
speaking_skills,B_improved_only,ExtraTrees,36,"{""max_depth"": null, ""max_features"": 0.7, ""min_samples_leaf"": 5, ""min_samples_split"": 4, ""n_estimators"": 700}",1.1953879937697796,0.0810839111101961,,0.7062489230233158,1.0787249007323632,0.1460855642976916,0.3859464268432385,0.45654708159646573,0.28407319996416114
speaking_skills,B_improved_only,RandomForest,36,"{""max_depth"": 20, ""max_features"": ""sqrt"", ""min_samples_leaf"": 5, ""min_samples_split"": 8, ""n_estimators"": 400}",1.1973299086070632,0.08460179854212163,,0.7015936673146747,1.0797184971493885,0.14451178572186074,0.38127544536674096,0.4489296675654638,0.26791466286851306
speaking_skills,C_original_plus_new,Ridge,63,"{""alpha"": 1000.0}",1.1986474958590694,0.07297762358826565,,0.6873471214496895,1.082577522597623,0.13997523137829848,0.3749379460602984,0.43693684285451734,0.24606702296268945
speaking_skills,C_original_plus_new,SVR,63,"{""C"": 10.0, ""epsilon"": 0.1, ""gamma"": 0.001}",1.191172547132009,0.07378475956346678,,0.7144320058736832,1.1046141678216392,0.1046060282800273,0.32645866323317657,0.40124966845265075,0.21193915931784185
speaking_skills,C_original_plus_new,ExtraTrees,63,"{""max_depth"": 20, ""max_features"": ""sqrt"", ""min_samples_leaf"": 5, ""min_samples_split"": 2, ""n_estimators"": 200}",1.1898782155019831,0.08569626318410287,,0.6867781461114246,1.0720623316269895,0.15660111747878513,0.39683943232425445,0.46872843785918406,0.25794476668172883
speaking_skills,C_original_plus_new,RandomForest,63,"{""max_depth"": 12, ""max_features"": ""sqrt"", ""min_samples_leaf"": 5, ""min_samples_split"": 4, ""n_estimators"": 700}",1.1902398184443215,0.07941436500202799,,0.6980431439700268,1.0792332498334387,0.14528056032095626,0.38519225197197493,0.45399968762928944,0.2830401813695357
overall_performance,A_original,Ridge,27,"{""alpha"": 100.0}",1.1124063322007842,0.11853935967150127,,0.6384945525781914,1.018460964490888,0.1928516323288778,0.44157212932257295,0.5020138681593609,0.33397277885325455
overall_performance,A_original,SVR,27,"{""C"": 1.0, ""epsilon"": 0.2, ""gamma"": 0.001}",1.1184635998869046,0.12978701401740034,,0.6380576845408367,1.0228414994225135,0.18589339713156927,0.43840281978136725,0.49814157795385067,0.28148859119934927
overall_performance,A_original,ExtraTrees,27,"{""max_depth"": 8, ""max_features"": 0.5, ""min_samples_leaf"": 5, ""min_samples_split"": 8, ""n_estimators"": 200}",1.1056365068296037,0.12180380348496155,,0.6495964818811648,1.0265887941111553,0.17991732823566708,0.425996423311804,0.5024803913325688,0.3247476227464623
overall_performance,A_original,RandomForest,27,"{""max_depth"": 8, ""max_features"": 0.5, ""min_samples_leaf"": 5, ""min_samples_split"": 4, ""n_estimators"": 700}",1.1169000078879001,0.12009276721353943,,0.6604994542249921,1.0380003760007304,0.16158388269884383,0.4102987548210824,0.4874267014281498,0.32421167513284943
overall_performance,B_improved_only,Ridge,36,"{""alpha"": 100.0}",1.1377592071465492,0.11542291369432915,,0.6577564905801639,1.043013753397705,0.15346549057281345,0.3926783084311708,0.46307507899399375,0.28006569551524024
overall_performance,B_improved_only,SVR,36,"{""C"": 1.0, ""epsilon"": 0.1, ""gamma"": ""scale""}",1.1282144740811066,0.12136813990035732,,0.6750441423030966,1.059245678285108,0.1269120420906834,0.3598364558615935,0.43070605990331196,0.251722367991697
overall_performance,B_improved_only,ExtraTrees,36,"{""max_depth"": 8, ""max_features"": 0.5, ""min_samples_leaf"": 5, ""min_samples_split"": 8, ""n_estimators"": 200}",1.110524013640917,0.12712686014623867,,0.6512007286300504,1.0401376104693714,0.15812774412337205,0.3984391872804988,0.4878662387125748,0.2820829274535455
overall_performance,B_improved_only,RandomForest,36,"{""max_depth"": 8, ""max_features"": 0.5, ""min_samples_leaf"": 5, ""min_samples_split"": 4, ""n_estimators"": 700}",1.1155232441684528,0.1201385144846381,,0.664138154522678,1.049882158603161,0.1422796626232935,0.38831587389889516,0.46850478768502335,0.30319786889015254
overall_performance,C_original_plus_new,Ridge,63,"{""alpha"": 1000.0}",1.1159910543511067,0.1255042133812332,,0.6363199010483663,1.0234861633042736,0.18486686366922966,0.43134971208192346,0.4894110884279759,0.2974829209400568
overall_performance,C_original_plus_new,SVR,63,"{""C"": 1.0, ""epsilon"": 0.05, ""gamma"": 0.001}",1.112986471308138,0.13085551347706792,,0.636240303645009,1.0250829833900268,0.18232137474865018,0.43180513161658274,0.49502821966164934,0.28029348252667724
overall_performance,C_original_plus_new,ExtraTrees,63,"{""max_depth"": null, ""max_features"": ""sqrt"", ""min_samples_leaf"": 5, ""min_samples_split"": 8, ""n_estimators"": 700}",1.1058359823639,0.12596744504857138,,0.647455759740494,1.0337283348241255,0.16847092755294946,0.41068127953186556,0.4885190754192985,0.28518666149800964
overall_performance,C_original_plus_new,RandomForest,63,"{""max_depth"": 8, ""max_features"": 0.5, ""min_samples_leaf"": 5, ""min_samples_split"": 4, ""n_estimators"": 700}",1.1189585837867662,0.11989408634227149,,0.6582187011098583,1.0391419437380065,0.15973872904644237,0.40806560671980197,0.4946755547589231,0.3218317626606894
