target,model,feature_set,reference,rmse_delta,lower_95,upper_95,bootstrap_unit
confidence_score,ExtraTrees,B_improved_only,A_original,0.01189820373877759,-0.006314890391699603,0.032595505372106114,participant
confidence_score,ExtraTrees,C_original_plus_new,A_original,0.002815814305739295,-0.007829565421785452,0.013588023293304018,participant
confidence_score,ExtraTrees,C_original_plus_new,B_improved_only,-0.009082389433038296,-0.024268011196932008,0.0033035342148748166,participant
confidence_score,RandomForest,B_improved_only,A_original,0.013120075728188407,-0.011571265352876206,0.03871646656094049,participant
confidence_score,RandomForest,C_original_plus_new,A_original,0.001999644532010958,-0.010112136410765126,0.014380650837371632,participant
confidence_score,RandomForest,C_original_plus_new,B_improved_only,-0.01112043119617745,-0.026105373226187927,0.0035724490507340898,participant
confidence_score,Ridge,B_improved_only,A_original,0.01684573104024223,-0.010472959923382425,0.042047447331136904,participant
confidence_score,Ridge,C_original_plus_new,A_original,0.0016717167789324083,-0.015746895833734596,0.017587900447272008,participant
confidence_score,Ridge,C_original_plus_new,B_improved_only,-0.01517401426130982,-0.02934044444597662,0.0008797276277777338,participant
confidence_score,SVR,B_improved_only,A_original,0.017990813815406792,-0.005913896779052685,0.043678167884619756,participant
confidence_score,SVR,C_original_plus_new,A_original,0.0135271966449656,-0.00636118295751589,0.033998972854114545,participant
confidence_score,SVR,C_original_plus_new,B_improved_only,-0.004463617170441192,-0.020647150002546275,0.012306727753821484,participant
overall_performance,ExtraTrees,B_improved_only,A_original,0.013548816358216031,-0.005395840969623478,0.0335057702463746,participant
overall_performance,ExtraTrees,C_original_plus_new,A_original,0.007139540712970183,-0.004407710755573072,0.01827288534631205,participant
overall_performance,ExtraTrees,C_original_plus_new,B_improved_only,-0.006409275645245849,-0.019906187337062804,0.006175425790778796,participant
overall_performance,RandomForest,B_improved_only,A_original,0.011881782602430668,-0.01148274139483672,0.036173560461739016,participant
overall_performance,RandomForest,C_original_plus_new,A_original,0.001141567737276139,-0.011462200514197498,0.012375332583497416,participant
overall_performance,RandomForest,C_original_plus_new,B_improved_only,-0.01074021486515453,-0.03073661410004391,0.0065584722546939336,participant
overall_performance,Ridge,B_improved_only,A_original,0.024552788906817113,-0.0002638871070047232,0.0470222016601999,participant
overall_performance,Ridge,C_original_plus_new,A_original,0.00502519881338559,-0.006245327296005096,0.015952861347269517,participant
overall_performance,Ridge,C_original_plus_new,B_improved_only,-0.019527590093431524,-0.03893528471870891,-0.0021651803403615177,participant
overall_performance,SVR,B_improved_only,A_original,0.036404178862594616,-0.0008934062276219453,0.07233697526039803,participant
overall_performance,SVR,C_original_plus_new,A_original,0.002241483967513336,-0.01172467073134846,0.014851855393442262,participant
overall_performance,SVR,C_original_plus_new,B_improved_only,-0.03416269489508128,-0.06128907275599381,-0.008339096776700704,participant
speaking_skills,ExtraTrees,B_improved_only,A_original,0.005221185176964793,-0.019380261004350925,0.03356507493796056,participant
speaking_skills,ExtraTrees,C_original_plus_new,A_original,-0.001441383928408868,-0.011029283405924007,0.008771980855755262,participant
speaking_skills,ExtraTrees,C_original_plus_new,B_improved_only,-0.006662569105373661,-0.028346482017104782,0.010575157037782317,participant
speaking_skills,RandomForest,B_improved_only,A_original,-0.009818780540686634,-0.03518593656728994,0.013640245030405328,participant
speaking_skills,RandomForest,C_original_plus_new,A_original,-0.010304027856636422,-0.025847242176276663,0.004292122770661022,participant
speaking_skills,RandomForest,C_original_plus_new,B_improved_only,-0.0004852473159497883,-0.014177306108147963,0.013322903360879745,participant
speaking_skills,Ridge,B_improved_only,A_original,-0.0042042589956570176,-0.039000655341769365,0.023945790643079785,participant
speaking_skills,Ridge,C_original_plus_new,A_original,-0.009968279675258707,-0.032132531425299135,0.0067640399318426355,participant
speaking_skills,Ridge,C_original_plus_new,B_improved_only,-0.005764020679601689,-0.024831898478081486,0.013326964199754975,participant
speaking_skills,SVR,B_improved_only,A_original,0.008188207152829197,-0.01530740578306579,0.032770964898320355,participant
speaking_skills,SVR,C_original_plus_new,A_original,0.018692702281846385,0.0009771058279858943,0.042368434363572,participant
speaking_skills,SVR,C_original_plus_new,B_improved_only,0.010504495129017188,-0.01403872348991852,0.035559613851307105,participant
