target,feature_set,model,metric,lower_95,upper_95
confidence_score,A_original,Ridge,mae,0.5704347782627398,0.7251710407779333
confidence_score,A_original,Ridge,rmse,0.7801258041928908,1.1303433009669812
confidence_score,A_original,Ridge,r2,0.00898534650946806,0.25506384862338827
confidence_score,A_original,Ridge,pearson,0.24361534221545697,0.5113995793382102
confidence_score,A_original,Ridge,spearman,0.2001583364012037,0.4999396839572253
confidence_score,A_original,Ridge,ccc,0.17617385574467911,0.43235463581269035
confidence_score,A_original,SVR,mae,0.5533427916736819,0.7175655709208034
confidence_score,A_original,SVR,rmse,0.7756226576060636,1.1316290498404922
confidence_score,A_original,SVR,r2,0.037096543149466685,0.24900741388585995
confidence_score,A_original,SVR,pearson,0.25432340329048975,0.5075732510871552
confidence_score,A_original,SVR,spearman,0.21717721750586913,0.4965443867858108
confidence_score,A_original,SVR,ccc,0.1655760292933684,0.39247166804359174
confidence_score,A_original,ExtraTrees,mae,0.5588322979438974,0.7194959308476873
confidence_score,A_original,ExtraTrees,rmse,0.7741258228291503,1.142164045576839
confidence_score,A_original,ExtraTrees,r2,0.03426237860693062,0.2312605643824505
confidence_score,A_original,ExtraTrees,pearson,0.23866614035213438,0.49034715156517833
confidence_score,A_original,ExtraTrees,spearman,0.19237521851288406,0.48181604029898667
confidence_score,A_original,ExtraTrees,ccc,0.15183791090728235,0.37571304165955616
confidence_score,A_original,RandomForest,mae,0.5623640492664365,0.7252021013820746
confidence_score,A_original,RandomForest,rmse,0.7807537195798817,1.1275035228394752
confidence_score,A_original,RandomForest,r2,0.027440419519322013,0.24037008551380784
confidence_score,A_original,RandomForest,pearson,0.25622439510030093,0.49505031093960294
confidence_score,A_original,RandomForest,spearman,0.22305690739552694,0.4769553330783975
confidence_score,A_original,RandomForest,ccc,0.17722759540991623,0.40052968310084647
confidence_score,B_improved_only,Ridge,mae,0.5607185777691561,0.7247926819648162
confidence_score,B_improved_only,Ridge,rmse,0.7853199363999588,1.1591778955535637
confidence_score,B_improved_only,Ridge,r2,-0.001809894592383332,0.22342344791738916
confidence_score,B_improved_only,Ridge,pearson,0.19828681422554367,0.479824589230264
confidence_score,B_improved_only,Ridge,spearman,0.20148306196217675,0.485840948407946
confidence_score,B_improved_only,Ridge,ccc,0.13350255105121767,0.3583527244099451
confidence_score,B_improved_only,SVR,mae,0.5681756328391258,0.7269623316429492
confidence_score,B_improved_only,SVR,rmse,0.7971729689297373,1.1474826189761702
confidence_score,B_improved_only,SVR,r2,0.010112357815088456,0.20842895668409686
confidence_score,B_improved_only,SVR,pearson,0.23088652713238184,0.4665249003253708
confidence_score,B_improved_only,SVR,spearman,0.1974770434571888,0.464690712416336
confidence_score,B_improved_only,SVR,ccc,0.15505027583092934,0.3497606006652126
confidence_score,B_improved_only,ExtraTrees,mae,0.572913383185016,0.7246544906481958
confidence_score,B_improved_only,ExtraTrees,rmse,0.7981846293884146,1.143040148458498
confidence_score,B_improved_only,ExtraTrees,r2,0.000295113306798382,0.20947880739074787
confidence_score,B_improved_only,ExtraTrees,pearson,0.2254425554549086,0.4661987201201811
confidence_score,B_improved_only,ExtraTrees,spearman,0.2110498597589776,0.4829678404323748
confidence_score,B_improved_only,ExtraTrees,ccc,0.16309645333607115,0.3518596670841339
confidence_score,B_improved_only,RandomForest,mae,0.5629316520090177,0.7210531126467364
confidence_score,B_improved_only,RandomForest,rmse,0.7895932208507873,1.1405625851080938
confidence_score,B_improved_only,RandomForest,r2,0.013313945636833328,0.20992789749784826
confidence_score,B_improved_only,RandomForest,pearson,0.23051373835783842,0.4668238856286226
confidence_score,B_improved_only,RandomForest,spearman,0.23098757597978928,0.4743584361919893
confidence_score,B_improved_only,RandomForest,ccc,0.15069547324731922,0.34701017832429265
confidence_score,C_original_plus_new,Ridge,mae,0.5530197270964632,0.7107264495516334
confidence_score,C_original_plus_new,Ridge,rmse,0.7780413694581733,1.1370676846622194
confidence_score,C_original_plus_new,Ridge,r2,0.018925260930070253,0.24899305835291635
confidence_score,C_original_plus_new,Ridge,pearson,0.21851275246259416,0.5088361121395167
confidence_score,C_original_plus_new,Ridge,spearman,0.182371123258317,0.4880967882777397
confidence_score,C_original_plus_new,Ridge,ccc,0.13622235340515945,0.3778128401775246
confidence_score,C_original_plus_new,SVR,mae,0.5695426116093971,0.7334382069785652
confidence_score,C_original_plus_new,SVR,rmse,0.7927443759746269,1.1451002613102526
confidence_score,C_original_plus_new,SVR,r2,0.01872399309666985,0.22016118265021156
confidence_score,C_original_plus_new,SVR,pearson,0.2510610952906563,0.47882330137695533
confidence_score,C_original_plus_new,SVR,spearman,0.21981835558916368,0.4906827962004454
confidence_score,C_original_plus_new,SVR,ccc,0.16966351096258844,0.36616081223626534
confidence_score,C_original_plus_new,ExtraTrees,mae,0.559816183729375,0.7113703575782194
confidence_score,C_original_plus_new,ExtraTrees,rmse,0.7762949800571949,1.1437645240914993
confidence_score,C_original_plus_new,ExtraTrees,r2,0.0346880951170939,0.22116567956138705
confidence_score,C_original_plus_new,ExtraTrees,pearson,0.24283200372868657,0.47953979039855577
confidence_score,C_original_plus_new,ExtraTrees,spearman,0.20872226143538541,0.4862092968459039
confidence_score,C_original_plus_new,ExtraTrees,ccc,0.1468033501535073,0.3543145289512842
confidence_score,C_original_plus_new,RandomForest,mae,0.5638486652313557,0.7198237315031429
confidence_score,C_original_plus_new,RandomForest,rmse,0.7815706048946315,1.1306226206680294
confidence_score,C_original_plus_new,RandomForest,r2,0.030281369177172775,0.23399686578661855
confidence_score,C_original_plus_new,RandomForest,pearson,0.2558862163044191,0.4877668740276961
confidence_score,C_original_plus_new,RandomForest,spearman,0.2357858935309863,0.4819343142042034
confidence_score,C_original_plus_new,RandomForest,ccc,0.17543966331230929,0.3920641552677737
speaking_skills,A_original,Ridge,mae,0.6051035985327134,0.8206790511321236
speaking_skills,A_original,Ridge,rmse,0.8042471170695638,1.4199011886196664
speaking_skills,A_original,Ridge,r2,0.010765817028514885,0.23343420620286465
speaking_skills,A_original,Ridge,pearson,0.24170905122546316,0.4900556550154092
speaking_skills,A_original,Ridge,spearman,0.3000614961463372,0.5327531659061503
speaking_skills,A_original,Ridge,ccc,0.15455781380565334,0.426474816304944
speaking_skills,A_original,SVR,mae,0.5986226425572957,0.8175336751690223
speaking_skills,A_original,SVR,rmse,0.8005905449935323,1.4137249292558889
speaking_skills,A_original,SVR,r2,0.04726114287009524,0.22524716984882348
speaking_skills,A_original,SVR,pearson,0.24806599453072153,0.48649878238788175
speaking_skills,A_original,SVR,spearman,0.29889452566869257,0.5401075231107317
speaking_skills,A_original,SVR,ccc,0.13380951553751447,0.3560816703640422
speaking_skills,A_original,ExtraTrees,mae,0.5895475305393654,0.8103725365225826
speaking_skills,A_original,ExtraTrees,rmse,0.7895796286019782,1.4327300569062968
speaking_skills,A_original,ExtraTrees,r2,0.06248041324635757,0.2539658660611228
speaking_skills,A_original,ExtraTrees,pearson,0.28247416134803066,0.5117226151752438
speaking_skills,A_original,ExtraTrees,spearman,0.3515952899317679,0.5619314331407977
speaking_skills,A_original,ExtraTrees,ccc,0.1489942560320052,0.38844066881832806
speaking_skills,A_original,RandomForest,mae,0.6093262636567744,0.8260970245164702
speaking_skills,A_original,RandomForest,rmse,0.8097834971527595,1.4477561614503487
speaking_skills,A_original,RandomForest,r2,0.02610514268275517,0.21930835782435884
speaking_skills,A_original,RandomForest,pearson,0.25037083574344954,0.4757800835438783
speaking_skills,A_original,RandomForest,spearman,0.31071507174233715,0.5223097615313024
speaking_skills,A_original,RandomForest,ccc,0.15199999493910651,0.4020287534462727
speaking_skills,B_improved_only,Ridge,mae,0.587249834681613,0.8032566534745563
speaking_skills,B_improved_only,Ridge,rmse,0.7891421166663717,1.4181862640602831
speaking_skills,B_improved_only,Ridge,r2,0.03327122238657534,0.23532297194153348
speaking_skills,B_improved_only,Ridge,pearson,0.21538569236716515,0.5084718086395613
speaking_skills,B_improved_only,Ridge,spearman,0.3200121952088191,0.5627240142989397
speaking_skills,B_improved_only,Ridge,ccc,0.09542613177808752,0.33474830463531546
speaking_skills,B_improved_only,SVR,mae,0.619547943474689,0.8267703118701083
speaking_skills,B_improved_only,SVR,rmse,0.8151605741785586,1.4098375609032965
speaking_skills,B_improved_only,SVR,r2,0.036484205248347015,0.2033218326258648
speaking_skills,B_improved_only,SVR,pearson,0.241285530036833,0.46687975068376475
speaking_skills,B_improved_only,SVR,spearman,0.2714456816081078,0.5235990258017315
speaking_skills,B_improved_only,SVR,ccc,0.1377441338510972,0.3514688086052233
speaking_skills,B_improved_only,ExtraTrees,mae,0.6171942794329888,0.8352907228646026
speaking_skills,B_improved_only,ExtraTrees,rmse,0.8006352553978477,1.426125234330372
speaking_skills,B_improved_only,ExtraTrees,r2,0.05467726767602424,0.2514541856565349
speaking_skills,B_improved_only,ExtraTrees,pearson,0.2824262240976081,0.5098920247762693
speaking_skills,B_improved_only,ExtraTrees,spearman,0.3324672302853926,0.5499632280357388
speaking_skills,B_improved_only,ExtraTrees,ccc,0.17831516739807635,0.421567390053662
speaking_skills,B_improved_only,RandomForest,mae,0.6062097913812602,0.8196923215431277
speaking_skills,B_improved_only,RandomForest,rmse,0.7943518416045484,1.4292159513507632
speaking_skills,B_improved_only,RandomForest,r2,0.055657673332635785,0.2402643426992141
speaking_skills,B_improved_only,RandomForest,pearson,0.2744937773989706,0.49784515777672933
speaking_skills,B_improved_only,RandomForest,spearman,0.329301385719103,0.5458053409586759
speaking_skills,B_improved_only,RandomForest,ccc,0.16048220915769654,0.399494913163888
speaking_skills,C_original_plus_new,Ridge,mae,0.5859426260410093,0.7990557357845861
speaking_skills,C_original_plus_new,Ridge,rmse,0.7902623652867569,1.4136196000277672
speaking_skills,C_original_plus_new,Ridge,r2,0.02985822848156848,0.24939027808765965
speaking_skills,C_original_plus_new,Ridge,pearson,0.22877830234653568,0.5076162756933215
speaking_skills,C_original_plus_new,Ridge,spearman,0.2946070586114923,0.5493606108167973
speaking_skills,C_original_plus_new,Ridge,ccc,0.12224247601507832,0.3904350443000715
speaking_skills,C_original_plus_new,SVR,mae,0.6236368800450395,0.8380981658514363
speaking_skills,C_original_plus_new,SVR,rmse,0.828441881522607,1.4310809801695377
speaking_skills,C_original_plus_new,SVR,r2,0.017904911884919945,0.1907156234525406
speaking_skills,C_original_plus_new,SVR,pearson,0.2048805510012342,0.4497325218972502
speaking_skills,C_original_plus_new,SVR,spearman,0.24762672250386347,0.5077000493533852
speaking_skills,C_original_plus_new,SVR,ccc,0.11616442014509586,0.3302095930488401
speaking_skills,C_original_plus_new,ExtraTrees,mae,0.5958117421791914,0.8137440155986324
speaking_skills,C_original_plus_new,ExtraTrees,rmse,0.7882419852031693,1.4278327981858476
speaking_skills,C_original_plus_new,ExtraTrees,r2,0.06510847160505054,0.25423361172138426
speaking_skills,C_original_plus_new,ExtraTrees,pearson,0.28244850124151716,0.5175238667480921
speaking_skills,C_original_plus_new,ExtraTrees,spearman,0.3512494460905571,0.561394739969577
speaking_skills,C_original_plus_new,ExtraTrees,ccc,0.15350429371123758,0.3846665256744174
speaking_skills,C_original_plus_new,RandomForest,mae,0.6025709930749076,0.8186911083949053
speaking_skills,C_original_plus_new,RandomForest,rmse,0.7922780697839666,1.4351114147253534
speaking_skills,C_original_plus_new,RandomForest,r2,0.04887560515613425,0.24119463349942163
speaking_skills,C_original_plus_new,RandomForest,pearson,0.2747061813841626,0.4965684877564869
speaking_skills,C_original_plus_new,RandomForest,spearman,0.3322659665719911,0.5467443232919786
speaking_skills,C_original_plus_new,RandomForest,ccc,0.16850709599539765,0.4169897372438244
overall_performance,A_original,Ridge,mae,0.563828269514184,0.7342928870612759
overall_performance,A_original,Ridge,rmse,0.7676979836442097,1.3231360498649252
overall_performance,A_original,Ridge,r2,0.08631108261780847,0.3157078305971695
overall_performance,A_original,Ridge,pearson,0.3200965447981774,0.5671743500499327
overall_performance,A_original,Ridge,spearman,0.35949124310211994,0.6138350559485638
overall_performance,A_original,Ridge,ccc,0.20318350102058055,0.48265974646892246
overall_performance,A_original,SVR,mae,0.5591276690044206,0.7304234133880523
overall_performance,A_original,SVR,rmse,0.768221400695304,1.327504113476211
overall_performance,A_original,SVR,r2,0.09324197899436183,0.27796000462552917
overall_performance,A_original,SVR,pearson,0.32520479073662595,0.5422541688340434
overall_performance,A_original,SVR,spearman,0.366001328057254,0.5996970845512253
overall_performance,A_original,SVR,ccc,0.17123134450118738,0.404345103017477
overall_performance,A_original,ExtraTrees,mae,0.5751300940009609,0.7366491262241017
overall_performance,A_original,ExtraTrees,rmse,0.7832574863534252,1.3028442831130127
overall_performance,A_original,ExtraTrees,r2,0.08470373187048079,0.2869897412407028
overall_performance,A_original,ExtraTrees,pearson,0.31049932030638466,0.5417806602503212
overall_performance,A_original,ExtraTrees,spearman,0.37116634607157667,0.6041188616119018
overall_performance,A_original,ExtraTrees,ccc,0.19859804005616927,0.46470123757788306
overall_performance,A_original,RandomForest,mae,0.5855189499299912,0.7556737244870355
overall_performance,A_original,RandomForest,rmse,0.7827108677303419,1.3253530280817452
overall_performance,A_original,RandomForest,r2,0.05637993169316984,0.26706165604221205
overall_performance,A_original,RandomForest,pearson,0.2896814308812788,0.5259207671514995
overall_performance,A_original,RandomForest,spearman,0.356224612403236,0.5856167072410019
overall_performance,A_original,RandomForest,ccc,0.1914712822924415,0.47017826617342473
overall_performance,B_improved_only,Ridge,mae,0.5817378291903715,0.7509060472063255
overall_performance,B_improved_only,Ridge,rmse,0.7974685430895079,1.3489858126340064
overall_performance,B_improved_only,Ridge,r2,0.05756917174137039,0.25426624473138165
overall_performance,B_improved_only,Ridge,pearson,0.2699439221704388,0.5113309147980618
overall_performance,B_improved_only,Ridge,spearman,0.3290846708896118,0.5740142828107377
overall_performance,B_improved_only,Ridge,ccc,0.16530204426754067,0.4150780240150797
overall_performance,B_improved_only,SVR,mae,0.5978433823510431,0.7693572455232142
overall_performance,B_improved_only,SVR,rmse,0.8029034154689983,1.3795802345024188
overall_performance,B_improved_only,SVR,r2,0.015541524611718689,0.24125837060569016
overall_performance,B_improved_only,SVR,pearson,0.2046533368704731,0.5034449126603088
overall_performance,B_improved_only,SVR,spearman,0.2958292698021252,0.5358380894643251
overall_performance,B_improved_only,SVR,ccc,0.12255842502066273,0.39465096836229335
overall_performance,B_improved_only,ExtraTrees,mae,0.5802668449291268,0.7362027805196615
overall_performance,B_improved_only,ExtraTrees,rmse,0.7993250384603146,1.3138928600999582
overall_performance,B_improved_only,ExtraTrees,r2,0.05894276860334922,0.2602124478800331
overall_performance,B_improved_only,ExtraTrees,pearson,0.27460698637673475,0.5177520527754856
overall_performance,B_improved_only,ExtraTrees,spearman,0.35984326972028946,0.5924778946082953
overall_performance,B_improved_only,ExtraTrees,ccc,0.16691050107592978,0.41423978131042866
overall_performance,B_improved_only,RandomForest,mae,0.5902686635938222,0.7521645879680967
overall_performance,B_improved_only,RandomForest,rmse,0.7994679979439422,1.335875187022532
overall_performance,B_improved_only,RandomForest,r2,0.029975646927078402,0.2603504481071488
overall_performance,B_improved_only,RandomForest,pearson,0.25357684610110925,0.5147680404455143
overall_performance,B_improved_only,RandomForest,spearman,0.3335106274883613,0.5748402539144527
overall_performance,B_improved_only,RandomForest,ccc,0.16803876258400433,0.4426195048954703
overall_performance,C_original_plus_new,Ridge,mae,0.5590598953295391,0.7297730646816333
overall_performance,C_original_plus_new,Ridge,rmse,0.7718937685837711,1.3298708653880358
overall_performance,C_original_plus_new,Ridge,r2,0.0877003529575004,0.29529904130100065
overall_performance,C_original_plus_new,Ridge,pearson,0.3104823481818749,0.5537044387020132
overall_performance,C_original_plus_new,Ridge,spearman,0.33979554537339157,0.6063707405000397
overall_performance,C_original_plus_new,Ridge,ccc,0.17791399182463666,0.4408031816059756
overall_performance,C_original_plus_new,SVR,mae,0.5576665700096778,0.7289883707038864
overall_performance,C_original_plus_new,SVR,rmse,0.7729226695245517,1.3361946191565433
overall_performance,C_original_plus_new,SVR,r2,0.08686869718121683,0.2836756051855077
overall_performance,C_original_plus_new,SVR,pearson,0.3056937926427211,0.5466019573332328
overall_performance,C_original_plus_new,SVR,spearman,0.35910112850888426,0.5950801769125178
overall_performance,C_original_plus_new,SVR,ccc,0.16261134013899634,0.40577135462957764
overall_performance,C_original_plus_new,ExtraTrees,mae,0.5755878143931329,0.7349145660577631
overall_performance,C_original_plus_new,ExtraTrees,rmse,0.7865287328813239,1.3104486020217596
overall_performance,C_original_plus_new,ExtraTrees,r2,0.07284383834577222,0.27264835329800663
overall_performance,C_original_plus_new,ExtraTrees,pearson,0.2882288858371585,0.5301494092814812
overall_performance,C_original_plus_new,ExtraTrees,spearman,0.3469571669370559,0.5945856586226199
overall_performance,C_original_plus_new,ExtraTrees,ccc,0.16923474672932876,0.4182097128569403
overall_performance,C_original_plus_new,RandomForest,mae,0.5838055704779831,0.7490098270878862
overall_performance,C_original_plus_new,RandomForest,rmse,0.7813214344742633,1.3289602804797342
overall_performance,C_original_plus_new,RandomForest,r2,0.05194408565372967,0.27256072108443496
overall_performance,C_original_plus_new,RandomForest,pearson,0.2764103845309536,0.5305209379215424
overall_performance,C_original_plus_new,RandomForest,spearman,0.36367078521783225,0.591754726273688
overall_performance,C_original_plus_new,RandomForest,ccc,0.1811446643493178,0.46780237202291586
