encoder,target,method,layer_index,alpha,cv_fold_rmse_mean,cv_fold_rmse_std,mae,rmse,r2,pearson,spearman,ccc
wavlm,confidence_score,full_audio_mean_std,7,10000.0,0.9919785054769331,0.09823255667673517,0.6494371883471666,0.9566198415666526,0.13448130092340593,0.3694725335573675,0.3391240861073102,0.2589493822230042
wavlm,confidence_score,speech_only_mean_std,7,10000.0,0.9912030776569642,0.09259411981419348,0.6590917393305536,0.9644863470407293,0.12018805367518481,0.35243970426883287,0.32611035421237433,0.24798273204435714
wavlm,confidence_score,speech_only_plus_pause,7,10000.0,0.9905916237807025,0.09282934111840489,0.6577899876238381,0.9624669650480263,0.12386838872423078,0.35697030906739663,0.33052852602535077,0.2516276791838796
wavlm,confidence_score,speech_only_plus_duration,7,10000.0,0.9905939095082191,0.092639484053751,0.6586429567915133,0.9633720367829336,0.12221984425739174,0.35489567305616515,0.3287056846885134,0.2498270432135659
wavlm,speaking_skills,full_audio_mean_std,7,10000.0,1.17566114494183,0.07869983335124973,0.7012886997435507,1.075319158212942,0.15146899765592114,0.3894027552560119,0.42157189105481996,0.2675165176842173
wavlm,speaking_skills,speech_only_mean_std,7,10000.0,1.1766366225948248,0.07743630231631471,0.7114689403229774,1.0899946040780644,0.12815025719814033,0.36010910627906434,0.39120625673640513,0.24773228789401938
wavlm,speaking_skills,speech_only_plus_pause,7,10000.0,1.1756338898522,0.07729739141596051,0.7097062069798057,1.0880975249626312,0.131182434806993,0.36399785684745645,0.3980923194650361,0.2507380364265806
wavlm,speaking_skills,speech_only_plus_duration,7,10000.0,1.1757722632340664,0.07726834453859298,0.7103625874800634,1.0887835625963709,0.13008652302915313,0.36260658719350924,0.39607983756729875,0.24970443676770387
wavlm,overall_performance,full_audio_mean_std,7,10000.0,1.0977271062588019,0.12793152839682612,0.6776495210144522,1.0659421357929224,0.11583797803981422,0.3479215956317265,0.4129493450840775,0.24716297175817412
wavlm,overall_performance,speech_only_mean_std,7,10000.0,1.1022708105188022,0.12635212923712275,0.6880659426564384,1.0752097783191403,0.10039676723957447,0.3276587269386659,0.396263709899702,0.22927741813559302
wavlm,overall_performance,speech_only_plus_pause,7,10000.0,1.1011889019726064,0.1262249520898836,0.6853692060254181,1.0712465805253375,0.10701637729744962,0.33599695629373183,0.4057777527225596,0.23588153607563794
wavlm,overall_performance,speech_only_plus_duration,7,10000.0,1.101381595202249,0.1261603272910017,0.6863028309834519,1.0728472782110097,0.10434572280210797,0.33252822895027373,0.40139531831813724,0.2328752534134645
hubert,confidence_score,full_audio_mean_std,6,10000.0,0.9963455681714912,0.09225799009426555,0.6403633970459509,0.9567593055221256,0.13422891757316102,0.3666131790709356,0.34473123625883095,0.24319299613064044
hubert,confidence_score,speech_only_mean_std,6,10000.0,1.0053667648913447,0.09458590849233545,0.6433462440884397,0.9682509606902397,0.11330642985392103,0.337838824157037,0.3412353959619752,0.21778237668146266
hubert,confidence_score,speech_only_plus_pause,6,10000.0,1.003837861033952,0.09487595713920569,0.6410867879485426,0.9651172461761975,0.11903665502088234,0.3457584208699626,0.3481270222089806,0.22387977043403773
hubert,confidence_score,speech_only_plus_duration,6,10000.0,1.0040184324689585,0.09467943196311752,0.6424159050212989,0.9664125498260668,0.11667035020636718,0.34246706171526653,0.34482735038326373,0.22112360981753315
hubert,speaking_skills,full_audio_mean_std,9,10000.0,1.1918797097128757,0.07612151940586145,0.695215145948723,1.0757290286778707,0.15082201936027373,0.39028350036198306,0.4409610673105731,0.2585144170341367
hubert,speaking_skills,speech_only_mean_std,9,10000.0,1.2029255118403903,0.07635543264960036,0.7022350089362878,1.087620803606398,0.13194356723602885,0.3639055014486168,0.4191588421426393,0.2298877724235634
hubert,speaking_skills,speech_only_plus_pause,9,10000.0,1.2013687791659717,0.0763652651134103,0.6997282290625297,1.0850500505016918,0.1360422778383069,0.3696461762275381,0.42635763511215036,0.2348799428946378
hubert,speaking_skills,speech_only_plus_duration,9,10000.0,1.2016806656461703,0.07622302148695759,0.7009062058103139,1.086312691553824,0.13403038319307492,0.3668539269977341,0.42315481675028493,0.23243682593153614
hubert,overall_performance,full_audio_mean_std,6,10000.0,1.109594872543989,0.12058151710100139,0.6673663231145837,1.06479720594983,0.11773631715757393,0.3452023261209672,0.41889659136820634,0.2299634419492239
hubert,overall_performance,speech_only_mean_std,6,10000.0,1.1247791110975338,0.12313870369737434,0.6738145649820277,1.0757017718515014,0.0995732995904558,0.3177362428287516,0.4024253668930381,0.19984314097803138
hubert,overall_performance,speech_only_plus_pause,6,10000.0,1.1219545967296274,0.12325205742461014,0.6692516007401481,1.069171485723907,0.11047259545213206,0.33331477105561563,0.41687154070035093,0.21137704248375097
hubert,overall_performance,speech_only_plus_duration,6,10000.0,1.1226736283889966,0.12310970283206842,0.6711832136241692,1.0719713105534396,0.10580770886709923,0.3266206555243574,0.4124695138013326,0.20604084537238562
