encoder,target,method,reference,metric,delta,lower_95,upper_95,bootstrap_unit
hubert,confidence_score,speech_only_mean_std,full_audio_mean_std,rmse,0.011491655168114123,-0.008004249057358406,0.03238382985391631,participant
hubert,confidence_score,speech_only_mean_std,full_audio_mean_std,r2,-0.02092248771923999,-0.06529648962070571,0.017000717758214944,participant
hubert,confidence_score,speech_only_mean_std,full_audio_mean_std,pearson,-0.028774354913898625,-0.07973739231465024,0.018290279298643707,participant
hubert,confidence_score,speech_only_mean_std,full_audio_mean_std,spearman,-0.0034958402968557345,-0.05198718811583735,0.048166597168903105,participant
hubert,confidence_score,speech_only_plus_pause,speech_only_mean_std,rmse,-0.0031337145140422074,-0.005012297505980831,-0.0009511984801694631,participant
hubert,confidence_score,speech_only_plus_pause,speech_only_mean_std,r2,0.005730225166961311,0.001989608178415475,0.010212624957993988,participant
hubert,confidence_score,speech_only_plus_pause,speech_only_mean_std,pearson,0.007919596712925636,0.0031580673218967502,0.013009787835995313,participant
hubert,confidence_score,speech_only_plus_pause,speech_only_mean_std,spearman,0.0068916262470054,-0.0004437350087142952,0.014504504261258669,participant
hubert,confidence_score,speech_only_plus_pause,speech_only_plus_duration,rmse,-0.001295303649869295,-0.002074089459271547,-0.0004789518538487283,participant
hubert,confidence_score,speech_only_plus_pause,speech_only_plus_duration,r2,0.0023663048145151633,0.0008302450799297312,0.004134950548104472,participant
hubert,confidence_score,speech_only_plus_pause,speech_only_plus_duration,pearson,0.003291359154696083,0.0014797990677943781,0.005160324165303169,participant
hubert,confidence_score,speech_only_plus_pause,speech_only_plus_duration,spearman,0.0032996718257168878,-0.00023546695067638008,0.007109963271693428,participant
hubert,overall_performance,speech_only_mean_std,full_audio_mean_std,rmse,0.010904565901671326,-0.011057251526112687,0.034226133296935114,participant
hubert,overall_performance,speech_only_mean_std,full_audio_mean_std,r2,-0.018163017567118134,-0.06522242944751838,0.019580591248281445,participant
hubert,overall_performance,speech_only_mean_std,full_audio_mean_std,pearson,-0.02746608329221556,-0.07283711328683876,0.02373211997631873,participant
hubert,overall_performance,speech_only_mean_std,full_audio_mean_std,spearman,-0.016471224475168245,-0.06910186829544203,0.04640256000673072,participant
hubert,overall_performance,speech_only_plus_pause,speech_only_mean_std,rmse,-0.006530286127594431,-0.00920307808551742,-0.003646064864759039,participant
hubert,overall_performance,speech_only_plus_pause,speech_only_mean_std,r2,0.010899295861676261,0.007110771769050922,0.015340329634942623,participant
hubert,overall_performance,speech_only_plus_pause,speech_only_mean_std,pearson,0.015578528226864008,0.008780586807394186,0.0231616231214908,participant
hubert,overall_performance,speech_only_plus_pause,speech_only_mean_std,spearman,0.014446173807312834,0.004290326650814474,0.024338689351833618,participant
hubert,overall_performance,speech_only_plus_pause,speech_only_plus_duration,rmse,-0.002799824829532671,-0.00421437862687721,-0.0012071540869261878,participant
hubert,overall_performance,speech_only_plus_pause,speech_only_plus_duration,r2,0.004664886585032835,0.0022175316498106476,0.006770888642643252,participant
hubert,overall_performance,speech_only_plus_pause,speech_only_plus_duration,pearson,0.00669411553125826,0.0031132792613006778,0.010028657694275458,participant
hubert,overall_performance,speech_only_plus_pause,speech_only_plus_duration,spearman,0.004402026899018308,-0.0010396730089490226,0.008864234385372236,participant
hubert,speaking_skills,speech_only_mean_std,full_audio_mean_std,rmse,0.011891774928527221,0.0002994158337049275,0.024723786984407022,participant
hubert,speaking_skills,speech_only_mean_std,full_audio_mean_std,r2,-0.018878452124244882,-0.039174702918398085,-0.0009606736694808237,participant
hubert,speaking_skills,speech_only_mean_std,full_audio_mean_std,pearson,-0.026377998913366285,-0.04922400378920218,-0.003957449052125653,participant
hubert,speaking_skills,speech_only_mean_std,full_audio_mean_std,spearman,-0.021802225167933786,-0.051668371361493416,0.005874180950683489,participant
hubert,speaking_skills,speech_only_plus_pause,speech_only_mean_std,rmse,-0.002570753104706114,-0.004638624697049365,-0.0007554887923280302,participant
hubert,speaking_skills,speech_only_plus_pause,speech_only_mean_std,r2,0.004098710602278066,0.0011108941855106885,0.00805687970630545,participant
hubert,speaking_skills,speech_only_plus_pause,speech_only_mean_std,pearson,0.0057406747789213175,0.001827298976262172,0.010121997903624535,participant
hubert,speaking_skills,speech_only_plus_pause,speech_only_mean_std,spearman,0.007198792969511036,0.0005024569388893854,0.014062074942170618,participant
hubert,speaking_skills,speech_only_plus_pause,speech_only_plus_duration,rmse,-0.0012626410521321407,-0.002290116878616044,-0.00022734474265957168,participant
hubert,speaking_skills,speech_only_plus_pause,speech_only_plus_duration,r2,0.002011894645231993,0.0005500563144303944,0.0040037368369452535,participant
hubert,speaking_skills,speech_only_plus_pause,speech_only_plus_duration,pearson,0.002792249229803978,0.0005733385572088455,0.0050132763197760985,participant
hubert,speaking_skills,speech_only_plus_pause,speech_only_plus_duration,spearman,0.0032028183618654227,-0.0010104031714838688,0.007353732748894372,participant
wavlm,confidence_score,speech_only_mean_std,full_audio_mean_std,rmse,0.007866505474076746,-0.007106858107260666,0.02655717482690631,participant
wavlm,confidence_score,speech_only_mean_std,full_audio_mean_std,r2,-0.01429324724822112,-0.057630165581509414,0.01303744352991929,participant
wavlm,confidence_score,speech_only_mean_std,full_audio_mean_std,pearson,-0.017032829288534612,-0.05917421939244608,0.016893514537539362,participant
wavlm,confidence_score,speech_only_mean_std,full_audio_mean_std,spearman,-0.013013731894935876,-0.039393144439875315,0.020324126942710734,participant
wavlm,confidence_score,speech_only_plus_pause,speech_only_mean_std,rmse,-0.0020193819927030177,-0.0033291183565814842,-0.0007393928420234814,participant
wavlm,confidence_score,speech_only_plus_pause,speech_only_mean_std,r2,0.0036803350490459685,0.0014025172774600942,0.006735864913949498,participant
wavlm,confidence_score,speech_only_plus_pause,speech_only_mean_std,pearson,0.004530604798563764,0.0016685094851737955,0.00776156171515749,participant
wavlm,confidence_score,speech_only_plus_pause,speech_only_mean_std,spearman,0.004418171812976435,-0.0003904633902101355,0.009405884108095439,participant
wavlm,confidence_score,speech_only_plus_pause,speech_only_plus_duration,rmse,-0.0009050717349072812,-0.0014351140311088862,-0.00035426294682371653,participant
wavlm,confidence_score,speech_only_plus_pause,speech_only_plus_duration,r2,0.0016485444668390414,0.000626634306815932,0.003195659434105941,participant
wavlm,confidence_score,speech_only_plus_pause,speech_only_plus_duration,pearson,0.0020746360112314788,0.0009782310701314453,0.0033968263704741604,participant
wavlm,confidence_score,speech_only_plus_pause,speech_only_plus_duration,spearman,0.0018228413368373553,-0.0006977301328708621,0.004600278546651033,participant
wavlm,overall_performance,speech_only_mean_std,full_audio_mean_std,rmse,0.009267642526217923,-0.005399657278428255,0.02594765049200434,participant
wavlm,overall_performance,speech_only_mean_std,full_audio_mean_std,r2,-0.015441210800239746,-0.04671688002092494,0.0071051933149002995,participant
wavlm,overall_performance,speech_only_mean_std,full_audio_mean_std,pearson,-0.0202628686930606,-0.0493060521527276,0.005103578971905371,participant
wavlm,overall_performance,speech_only_mean_std,full_audio_mean_std,spearman,-0.01668563518437549,-0.05189807816122364,0.024212795778184196,participant
wavlm,overall_performance,speech_only_plus_pause,speech_only_mean_std,rmse,-0.003963197793802831,-0.005462061758607967,-0.002421371669702905,participant
wavlm,overall_performance,speech_only_plus_pause,speech_only_mean_std,r2,0.006619610057875147,0.004342015088971615,0.009764980009103058,participant
wavlm,overall_performance,speech_only_plus_pause,speech_only_mean_std,pearson,0.008338229355065951,0.005225599893973458,0.011874011976174794,participant
wavlm,overall_performance,speech_only_plus_pause,speech_only_mean_std,spearman,0.009514042822857616,0.0035035684112447564,0.015815712279658896,participant
wavlm,overall_performance,speech_only_plus_pause,speech_only_plus_duration,rmse,-0.00160069768567217,-0.002393851055382509,-0.0006549057641301375,participant
wavlm,overall_performance,speech_only_plus_pause,speech_only_plus_duration,r2,0.002670654495341651,0.0011401641365954202,0.004169724228907115,participant
wavlm,overall_performance,speech_only_plus_pause,speech_only_plus_duration,pearson,0.0034687273434581,0.001646843714793378,0.005053820785705059,participant
wavlm,overall_performance,speech_only_plus_pause,speech_only_plus_duration,spearman,0.004382434404422375,0.0012953422483954105,0.007808016409059815,participant
wavlm,speaking_skills,speech_only_mean_std,full_audio_mean_std,rmse,0.014675445865122372,0.0012295041130865993,0.029761423962130492,participant
wavlm,speaking_skills,speech_only_mean_std,full_audio_mean_std,r2,-0.023318740457780818,-0.049228552654051266,-0.0015151955470277289,participant
wavlm,speaking_skills,speech_only_mean_std,full_audio_mean_std,pearson,-0.029293648976947584,-0.059533941459506766,-0.004276477826995357,participant
wavlm,speaking_skills,speech_only_mean_std,full_audio_mean_std,spearman,-0.030365634318414825,-0.06349463373212055,0.0045418187589180955,participant
wavlm,speaking_skills,speech_only_plus_pause,speech_only_mean_std,rmse,-0.0018970791154331312,-0.003799899449251856,-0.0002982747513787853,participant
wavlm,speaking_skills,speech_only_plus_pause,speech_only_mean_std,r2,0.0030321776088526597,0.0003573900598795865,0.0071666662419588275,participant
wavlm,speaking_skills,speech_only_plus_pause,speech_only_mean_std,pearson,0.0038887505683921075,0.0005973786572831069,0.007854329607663415,participant
wavlm,speaking_skills,speech_only_plus_pause,speech_only_mean_std,spearman,0.0068860627286309595,0.00014424103465226235,0.013442583687004071,participant
wavlm,speaking_skills,speech_only_plus_pause,speech_only_plus_duration,rmse,-0.0006860376337396445,-0.0013906211420332854,-0.00012781632785508496,participant
wavlm,speaking_skills,speech_only_plus_pause,speech_only_plus_duration,r2,0.001095911777839853,4.946610370784588e-05,0.0026241201073031128,participant
wavlm,speaking_skills,speech_only_plus_pause,speech_only_plus_duration,pearson,0.0013912696539472025,8.959574945470035e-05,0.0027896918784010814,participant
wavlm,speaking_skills,speech_only_plus_pause,speech_only_plus_duration,spearman,0.0020124818977373393,-0.00013199328717973524,0.004865623201238419,participant
