encoder,target,method,metric,lower_95,upper_95
wavlm,confidence_score,full_audio_mean_std,pearson,0.22715656973471296,0.46937856930842864
wavlm,confidence_score,full_audio_mean_std,spearman,0.1811673896392217,0.4856995120769754
wavlm,confidence_score,full_audio_mean_std,r2,0.009482200403333023,0.21184307670383726
wavlm,confidence_score,speech_only_mean_std,pearson,0.20164534312409801,0.4626202826699763
wavlm,confidence_score,speech_only_mean_std,spearman,0.16748747924341087,0.47495480679052926
wavlm,confidence_score,speech_only_mean_std,r2,-0.013555044397252119,0.2092367143179262
wavlm,confidence_score,speech_only_plus_pause,pearson,0.20704279184190455,0.4678397596662869
wavlm,confidence_score,speech_only_plus_pause,spearman,0.16986387646640363,0.47509984426768553
wavlm,confidence_score,speech_only_plus_pause,r2,-0.009840847037223243,0.21303405385931798
wavlm,confidence_score,speech_only_plus_duration,pearson,0.20482037594571328,0.465790538117156
wavlm,confidence_score,speech_only_plus_duration,spearman,0.17014437384498587,0.4743642070057925
wavlm,confidence_score,speech_only_plus_duration,r2,-0.011530155976795515,0.21152030661701193
wavlm,speaking_skills,full_audio_mean_std,pearson,0.29315268510916065,0.4727859050898191
wavlm,speaking_skills,full_audio_mean_std,spearman,0.27436627072296915,0.5413798915005782
wavlm,speaking_skills,full_audio_mean_std,r2,0.0662150219052895,0.21338469552212666
wavlm,speaking_skills,speech_only_mean_std,pearson,0.2680641380477961,0.44630121537301
wavlm,speaking_skills,speech_only_mean_std,spearman,0.24614258405479883,0.5148811977171728
wavlm,speaking_skills,speech_only_mean_std,r2,0.04203158854094237,0.1890872381564915
wavlm,speaking_skills,speech_only_plus_pause,pearson,0.27398864673947776,0.4498061619216104
wavlm,speaking_skills,speech_only_plus_pause,spearman,0.2507838546329425,0.5220996118014138
wavlm,speaking_skills,speech_only_plus_pause,r2,0.04583711760306928,0.19204583909713027
wavlm,speaking_skills,speech_only_plus_duration,pearson,0.27220303796052703,0.4489268774124432
wavlm,speaking_skills,speech_only_plus_duration,spearman,0.25028582826131895,0.5204506865865165
wavlm,speaking_skills,speech_only_plus_duration,r2,0.044333845806228456,0.1908477706034872
wavlm,overall_performance,full_audio_mean_std,pearson,0.23016076314318645,0.46922069405127326
wavlm,overall_performance,full_audio_mean_std,spearman,0.26084056440395836,0.5398891946423245
wavlm,overall_performance,full_audio_mean_std,r2,0.022637459548993506,0.20728418622477238
wavlm,overall_performance,speech_only_mean_std,pearson,0.20789165346235403,0.441133942815552
wavlm,overall_performance,speech_only_mean_std,spearman,0.24747584632153863,0.5296419825232982
wavlm,overall_performance,speech_only_mean_std,r2,0.006875841547972826,0.18830789460456543
wavlm,overall_performance,speech_only_plus_pause,pearson,0.21724923343995745,0.4489851840323132
wavlm,overall_performance,speech_only_plus_pause,spearman,0.2589511921074782,0.5379634029442972
wavlm,overall_performance,speech_only_plus_pause,r2,0.013902978617853548,0.1949052701487768
wavlm,overall_performance,speech_only_plus_duration,pearson,0.2133847330346673,0.44564806971430376
wavlm,overall_performance,speech_only_plus_duration,spearman,0.2529815982947364,0.532750536736663
wavlm,overall_performance,speech_only_plus_duration,r2,0.011254761560085173,0.19188591184362133
hubert,confidence_score,full_audio_mean_std,pearson,0.21711281128056753,0.467653659138444
hubert,confidence_score,full_audio_mean_std,spearman,0.18197320886647259,0.4877081680749379
hubert,confidence_score,full_audio_mean_std,r2,0.01693977209183261,0.21080321639984942
hubert,confidence_score,speech_only_mean_std,pearson,0.1975050298388932,0.4491212878298251
hubert,confidence_score,speech_only_mean_std,spearman,0.18448347829210016,0.48033533025619146
hubert,confidence_score,speech_only_mean_std,r2,-0.004241472586917649,0.19052719586844694
hubert,confidence_score,speech_only_plus_pause,pearson,0.20624028504454575,0.45568505669225234
hubert,confidence_score,speech_only_plus_pause,spearman,0.18878077906574534,0.48571257811926405
hubert,confidence_score,speech_only_plus_pause,r2,0.005675158072944177,0.19656557560834492
hubert,confidence_score,speech_only_plus_duration,pearson,0.20351854247013274,0.45328131974440233
hubert,confidence_score,speech_only_plus_duration,spearman,0.18772171982626534,0.48118315548340634
hubert,confidence_score,speech_only_plus_duration,r2,0.001330654904125939,0.1929324400610347
hubert,speaking_skills,full_audio_mean_std,pearson,0.2994766351664655,0.48651553743718695
hubert,speaking_skills,full_audio_mean_std,spearman,0.30761097138485,0.5555183143627815
hubert,speaking_skills,full_audio_mean_std,r2,0.0716028476476782,0.2287789273478498
hubert,speaking_skills,speech_only_mean_std,pearson,0.27653528767626356,0.45954373280525124
hubert,speaking_skills,speech_only_mean_std,spearman,0.2817196791393247,0.5363412888976857
hubert,speaking_skills,speech_only_mean_std,r2,0.06322727343002636,0.20457776092795507
hubert,speaking_skills,speech_only_plus_pause,pearson,0.28124148759258816,0.4660123988153928
hubert,speaking_skills,speech_only_plus_pause,spearman,0.29394133806426626,0.5457736224742334
hubert,speaking_skills,speech_only_plus_pause,r2,0.06610357129116762,0.21116510703067704
hubert,speaking_skills,speech_only_plus_duration,pearson,0.2785778927039722,0.462986596230147
hubert,speaking_skills,speech_only_plus_duration,spearman,0.28972812919136903,0.5428373070620246
hubert,speaking_skills,speech_only_plus_duration,r2,0.06469197074184817,0.20827985309245167
hubert,overall_performance,full_audio_mean_std,pearson,0.21904184973944704,0.47284789580199843
hubert,overall_performance,full_audio_mean_std,spearman,0.2624018777040342,0.544586258945581
hubert,overall_performance,full_audio_mean_std,r2,0.024057650950545677,0.21653015446471174
hubert,overall_performance,speech_only_mean_std,pearson,0.1914344698828399,0.44633437035428064
hubert,overall_performance,speech_only_mean_std,spearman,0.2531870817759585,0.5281725201134895
hubert,overall_performance,speech_only_mean_std,r2,0.01597575587151659,0.18820179008566257
hubert,overall_performance,speech_only_plus_pause,pearson,0.21246567396368027,0.4588791423781243
hubert,overall_performance,speech_only_plus_pause,spearman,0.2675808787740442,0.5427735757474472
hubert,overall_performance,speech_only_plus_pause,r2,0.02837006820806857,0.1987616707354408
hubert,overall_performance,speech_only_plus_duration,pearson,0.20370266479888577,0.4542992842661423
hubert,overall_performance,speech_only_plus_duration,spearman,0.2634069442347675,0.5387524217269885
hubert,overall_performance,speech_only_plus_duration,r2,0.023354272817740603,0.19400036979348934
