target,feature,spearman_train,partial_spearman_controlling_duration_train
confidence_score,duration_seconds,-0.35267190693241784,
confidence_score,pause_ratio,0.35430865956722457,0.2647057371921709
confidence_score,internal_pause_ratio,0.04979883355988198,0.1609027902531778
confidence_score,number_of_pauses,-0.22513192815318833,0.12738062972296085
confidence_score,mean_pause_duration_seconds,0.01931715745579572,0.11298533807593052
confidence_score,maximum_pause_duration_seconds,-0.03845708690007651,0.15958211367532196
confidence_score,mean_rms,-0.37225787520753983,-0.2944662119991619
speaking_skills,duration_seconds,-0.3795443808549123,
speaking_skills,pause_ratio,0.33484859195481376,0.23462005580431705
speaking_skills,internal_pause_ratio,0.030694918858798492,0.14943790951635227
speaking_skills,number_of_pauses,-0.24770037293935376,0.1282192036438244
speaking_skills,mean_pause_duration_seconds,-0.002376345680200703,0.09721403834175274
speaking_skills,maximum_pause_duration_seconds,-0.06171785036493093,0.14864915945793467
speaking_skills,mean_rms,-0.33284188957193517,-0.24336904321875516
overall_performance,duration_seconds,-0.4208250984392795,
overall_performance,pause_ratio,0.3753812825692613,0.27014112637593124
overall_performance,internal_pause_ratio,0.039083980137935265,0.17476699547631844
overall_performance,number_of_pauses,-0.27480952466376624,0.14465991036484332
overall_performance,mean_pause_duration_seconds,0.004117489916945559,0.11759078366820463
overall_performance,maximum_pause_duration_seconds,-0.07047576438256604,0.16552229767005405
overall_performance,mean_rms,-0.37632095027781604,-0.2836517780804236
